[{"alias":[],"category":"2729ac35-f339-406a-83c3-1d50710c5526","classKind":"ParameterizedCategoryRule","definition":[],"excludedDomain":[],"excludedPerson":[],"hyperLink":[],"iid":"20895807-fa0a-48d5-8875-5dfe3bc91c23","isDeprecated":false,"modifiedOn":"2025-02-12T14:12:42.720Z","name":"Equpment Parameters","parameterType":["38c16a57-1163-41f2-abd7-ac1615531cac"],"revisionNumber":11,"shortName":"EquipParam","thingPreference":null},{"alias":[],"classKind":"BinaryRelationshipRule","definition":[],"excludedDomain":[],"excludedPerson":[],"forwardRelationshipName":"satisfies","hyperLink":[],"iid":"24c010e8-536e-46bd-87d8-761763ec9ce6","inverseRelationshipName":"satisfied by","isDeprecated":false,"modifiedOn":"2025-02-12T13:59:29.594Z","name":"satisfies","relationshipCategory":"a562e785-7650-446d-8078-b2e24b44ca83","revisionNumber":10,"shortName":"sat","sourceCategory":"2729ac35-f339-406a-83c3-1d50710c5526","targetCategory":"67c65c9a-2d7e-49ab-9f3d-3236a0b9e185","thingPreference":null},{"alias":[],"category":[],"classKind":"TextParameterType","definition":[],"excludedDomain":[],"excludedPerson":[],"hyperLink":[],"iid":"38c16a57-1163-41f2-abd7-ac1615531cac","isDeprecated":false,"modifiedOn":"2025-02-12T13:35:40.841Z","name":"BSMI number","revisionNumber":7,"shortName":"BSMI","symbol":"BSMI","thingPreference":null},{"alias":[],"classKind":"Category","definition":[],"excludedDomain":[],"excludedPerson":[],"hyperLink":[],"iid":"4c4beb52-ae27-4bf8-846a-2cdc9b0fa288","isAbstract":false,"isDeprecated":false,"modifiedOn":"2025-02-12T14:32:07.421Z","name":"Requirement Derives Requirement","permissibleClass":["BinaryRelationship"],"revisionNumber":14,"shortName":"ReqDerReq","superCategory":[],"thingPreference":null},{"citation":[],"classKind":"Definition","content":"keeps the water out","example":[],"excludedDomain":[],"excludedPerson":[],"iid":"578ce14e-431b-47e4-ba61-41035eacb41f","languageCode":"en","modifiedOn":"2025-02-12T14:18:36.999Z","note":[],"revisionNumber":13,"thingPreference":null},{"alias":[],"category":[],"classKind":"Glossary","definition":[],"excludedDomain":[],"excludedPerson":[],"hyperLink":[],"iid":"5f2ce806-fa3e-4283-83f8-db31bcb43c11","isDeprecated":false,"modifiedOn":"2025-02-12T14:18:20.674Z","name":"Ship Building","revisionNumber":13,"shortName":"shipbuilding","term":["b0ec83b8-27ae-4332-bda6-86b0adc50890"],"thingPreference":null},{"alias":[],"classKind":"Category","definition":[],"excludedDomain":[],"excludedPerson":[],"hyperLink":[],"iid":"67c65c9a-2d7e-49ab-9f3d-3236a0b9e185","isAbstract":false,"isDeprecated":false,"modifiedOn":"2025-02-12T13:49:30.997Z","name":"Requirements","permissibleClass":["Requirement"],"revisionNumber":9,"shortName":"REQ","superCategory":[],"thingPreference":null},{"alias":[],"classKind":"BinaryRelationshipRule","definition":[],"excludedDomain":[],"excludedPerson":[],"forwardRelationshipName":"derives","hyperLink":[],"iid":"9bf0d78f-7727-406f-a9ce-5787285ed071","inverseRelationshipName":"derived by","isDeprecated":false,"modifiedOn":"2025-02-12T14:34:05.780Z","name":"derives","relationshipCategory":"4c4beb52-ae27-4bf8-846a-2cdc9b0fa288","revisionNumber":15,"shortName":"der","sourceCategory":"67c65c9a-2d7e-49ab-9f3d-3236a0b9e185","targetCategory":"67c65c9a-2d7e-49ab-9f3d-3236a0b9e185","thingPreference":null},{"alias":[],"classKind":"Category","definition":[],"excludedDomain":[],"excludedPerson":[],"hyperLink":[],"iid":"a562e785-7650-446d-8078-b2e24b44ca83","isAbstract":false,"isDeprecated":false,"modifiedOn":"2025-02-12T13:44:35.655Z","name":"Equipment Satisfies Requirement","permissibleClass":["BinaryRelationship"],"revisionNumber":8,"shortName":"Eqt_Sat_Req","superCategory":[],"thingPreference":null},{"alias":[],"classKind":"Term","definition":["578ce14e-431b-47e4-ba61-41035eacb41f"],"excludedDomain":[],"excludedPerson":[],"hyperLink":[],"iid":"b0ec83b8-27ae-4332-bda6-86b0adc50890","isDeprecated":false,"modifiedOn":"2025-02-12T14:18:37.628Z","name":"Hull","revisionNumber":13,"shortName":"Hull","thingPreference":null}]