[{"classKind":"ParameterTypeComponent","excludedDomain":[],"excludedPerson":[],"iid":"03c6260a-55b7-4766-9910-b705a6193c95","modifiedOn":"2025-01-22T10:56:25.530Z","parameterType":"62960646-dafd-4476-9560-4ca0f12d8a13","revisionNumber":450,"scale":"afa67752-f90e-46a0-906f-ab43a474b97e","shortName":"V12","thingPreference":null},{"classKind":"ParameterTypeComponent","excludedDomain":[],"excludedPerson":[],"iid":"03ecba1f-32de-4bf1-900e-b009109e8cd6","modifiedOn":"2025-01-22T10:54:39.667Z","parameterType":"651e1875-9236-4bd2-b3a7-fd89797ebdd8","revisionNumber":446,"scale":"04069206-212c-46a1-b405-7d8bd2d6b0d2","shortName":"V1","thingPreference":null},{"classKind":"ParameterTypeComponent","excludedDomain":[],"excludedPerson":[],"iid":"04225748-77a5-4125-88f9-cd7062877c9e","modifiedOn":"2025-01-22T10:56:54.243Z","parameterType":"62960646-dafd-4476-9560-4ca0f12d8a13","revisionNumber":451,"scale":"afa67752-f90e-46a0-906f-ab43a474b97e","shortName":"V13","thingPreference":null},{"classKind":"ParameterTypeComponent","excludedDomain":[],"excludedPerson":[],"iid":"059331b5-5464-4bf5-befd-d00642b1bdba","modifiedOn":"2025-01-22T10:56:54.243Z","parameterType":"62960646-dafd-4476-9560-4ca0f12d8a13","revisionNumber":451,"scale":"afa67752-f90e-46a0-906f-ab43a474b97e","shortName":"V6","thingPreference":null},{"classKind":"ParameterTypeComponent","excludedDomain":[],"excludedPerson":[],"iid":"0670b52e-e4f4-41fd-ae93-72fad779f289","modifiedOn":"2025-01-22T10:56:25.530Z","parameterType":"62960646-dafd-4476-9560-4ca0f12d8a13","revisionNumber":450,"scale":"afa67752-f90e-46a0-906f-ab43a474b97e","shortName":"V30","thingPreference":null},{"classKind":"ParameterTypeComponent","excludedDomain":[],"excludedPerson":[],"iid":"07be78dc-855f-4853-9d02-0a8ff15556d4","modifiedOn":"2025-01-22T10:54:07.714Z","parameterType":"651e1875-9236-4bd2-b3a7-fd89797ebdd8","revisionNumber":445,"scale":"04069206-212c-46a1-b405-7d8bd2d6b0d2","shortName":"V16","thingPreference":null},{"classKind":"ParameterTypeComponent","excludedDomain":[],"excludedPerson":[],"iid":"08e2e319-70b3-424d-9b54-4240d34cbdcb","modifiedOn":"2025-01-22T10:54:07.714Z","parameterType":"651e1875-9236-4bd2-b3a7-fd89797ebdd8","revisionNumber":445,"scale":"04069206-212c-46a1-b405-7d8bd2d6b0d2","shortName":"V7","thingPreference":null},{"classKind":"ParameterTypeComponent","excludedDomain":[],"excludedPerson":[],"iid":"0ab86d90-07db-4865-a6ae-db191ac5f92f","modifiedOn":"2025-01-22T10:55:54.046Z","parameterType":"62960646-dafd-4476-9560-4ca0f12d8a13","revisionNumber":449,"scale":"afa67752-f90e-46a0-906f-ab43a474b97e","shortName":"V13","thingPreference":null},{"classKind":"ParameterTypeComponent","excludedDomain":[],"excludedPerson":[],"iid":"0b5c331b-ea25-4aab-966f-e030f79a6273","modifiedOn":"2025-01-22T10:55:54.046Z","parameterType":"62960646-dafd-4476-9560-4ca0f12d8a13","revisionNumber":449,"scale":"afa67752-f90e-46a0-906f-ab43a474b97e","shortName":"V16","thingPreference":null},{"classKind":"ParameterTypeComponent","excludedDomain":[],"excludedPerson":[],"iid":"0bd7b866-6340-4572-9ad1-36e3b8a578e1","modifiedOn":"2025-01-22T10:56:25.530Z","parameterType":"62960646-dafd-4476-9560-4ca0f12d8a13","revisionNumber":450,"scale":"afa67752-f90e-46a0-906f-ab43a474b97e","shortName":"V11","thingPreference":null},{"alias":[],"category":[],"classKind":"SpecializedQuantityKind","defaultScale":"56863161-fa3a-47b8-a3cd-16465f734b27","definition":[],"excludedDomain":[],"excludedPerson":[],"general":"f21ab317-c896-4567-abd0-68bd2ec42592","hyperLink":[],"iid":"0bf16243-5adc-480f-beff-f3ab8e9e34c8","isDeprecated":false,"modifiedOn":"2025-02-06T15:16:54.839Z","name":"Number of phases","possibleScale":[],"quantityDimensionSymbol":"Phases","revisionNumber":506,"shortName":"Phases","symbol":"Phases","thingPreference":null},{"classKind":"ParameterTypeComponent","excludedDomain":[],"excludedPerson":[],"iid":"0e365fe3-0d41-4dfa-ae71-1b02e0a347a6","modifiedOn":"2025-01-22T10:56:54.243Z","parameterType":"62960646-dafd-4476-9560-4ca0f12d8a13","revisionNumber":451,"scale":"afa67752-f90e-46a0-906f-ab43a474b97e","shortName":"V8","thingPreference":null},{"alias":[],"category":[],"classKind":"SpecializedQuantityKind","defaultScale":"61ce4bb0-8301-4061-8e45-0c6682db9a9f","definition":[],"excludedDomain":[],"excludedPerson":[],"general":"8db6737f-5269-47a1-9df8-55ba358c5737","hyperLink":[],"iid":"109d6b91-ad39-4156-83dc-3824c992c6dd","isDeprecated":false,"modifiedOn":"2025-01-21T13:00:39.704Z","name":"drymass incl. margin","possibleScale":[],"quantityDimensionSymbol":"m_dry_incl","revisionNumber":413,"shortName":"m_dry_incl","symbol":"m_dry_incl","thingPreference":null},{"classKind":"ParameterTypeComponent","excludedDomain":[],"excludedPerson":[],"iid":"10b532ff-c710-4a9c-b5fe-64e50df190bc","modifiedOn":"2025-01-22T10:56:25.530Z","parameterType":"62960646-dafd-4476-9560-4ca0f12d8a13","revisionNumber":450,"scale":"afa67752-f90e-46a0-906f-ab43a474b97e","shortName":"V4","thingPreference":null},{"classKind":"ParameterTypeComponent","excludedDomain":[],"excludedPerson":[],"iid":"110261a8-35fc-440e-9925-3d922048812e","modifiedOn":"2025-01-22T10:55:04.731Z","parameterType":"651e1875-9236-4bd2-b3a7-fd89797ebdd8","revisionNumber":447,"scale":"04069206-212c-46a1-b405-7d8bd2d6b0d2","shortName":"V26","thingPreference":null},{"alias":[],"category":[],"classKind":"SpecializedQuantityKind","defaultScale":"86f4fde1-4e8f-4d26-b2ab-6e5dedd8d001","definition":[],"excludedDomain":[],"excludedPerson":[],"general":"8b4a8764-a5e8-4e9d-be3c-6bf6a833100a","hyperLink":[],"iid":"1140ba36-369f-4308-98df-8992b99532a2","isDeprecated":false,"modifiedOn":"2025-01-20T13:26:37.852Z","name":"Design speed","possibleScale":[],"quantityDimensionSymbol":"Vs","revisionNumber":406,"shortName":"Vs","symbol":"Vs","thingPreference":null},{"classKind":"ParameterTypeComponent","excludedDomain":[],"excludedPerson":[],"iid":"1264ad0c-226d-43ad-ae93-0b3862f93134","modifiedOn":"2025-01-22T10:56:54.243Z","parameterType":"62960646-dafd-4476-9560-4ca0f12d8a13","revisionNumber":451,"scale":"afa67752-f90e-46a0-906f-ab43a474b97e","shortName":"V17","thingPreference":null},{"classKind":"ParameterTypeComponent","excludedDomain":[],"excludedPerson":[],"iid":"1334dbe3-8531-4c21-a3c4-fa1d98879159","modifiedOn":"2025-01-22T10:53:38.006Z","parameterType":"651e1875-9236-4bd2-b3a7-fd89797ebdd8","revisionNumber":444,"scale":"04069206-212c-46a1-b405-7d8bd2d6b0d2","shortName":"V13","thingPreference":null},{"classKind":"ParameterTypeComponent","excludedDomain":[],"excludedPerson":[],"iid":"1337943f-0806-4b68-953f-180181f19295","modifiedOn":"2025-01-22T10:55:54.046Z","parameterType":"62960646-dafd-4476-9560-4ca0f12d8a13","revisionNumber":449,"scale":"afa67752-f90e-46a0-906f-ab43a474b97e","shortName":"V24","thingPreference":null},{"classKind":"ParameterTypeComponent","excludedDomain":[],"excludedPerson":[],"iid":"150273c5-7518-4f37-b59f-66a5ed7917ca","modifiedOn":"2025-01-22T10:54:39.667Z","parameterType":"651e1875-9236-4bd2-b3a7-fd89797ebdd8","revisionNumber":446,"scale":"04069206-212c-46a1-b405-7d8bd2d6b0d2","shortName":"V10","thingPreference":null},{"alias":[],"category":[],"classKind":"SpecializedQuantityKind","defaultScale":"3d5bddb6-640f-4d79-9c35-64a554946884","definition":[],"excludedDomain":[],"excludedPerson":[],"general":"90bff017-ef05-4d2e-a4d6-5d3c2d29ea05","hyperLink":[],"iid":"150a6800-391c-4a92-a9d5-329be08bf478","isDeprecated":false,"modifiedOn":"2025-01-20T11:41:08.792Z","name":"longitudinal buoancy position","possibleScale":[],"quantityDimensionSymbol":"FB","revisionNumber":400,"shortName":"FB","symbol":"FB","thingPreference":null},{"classKind":"ParameterTypeComponent","excludedDomain":[],"excludedPerson":[],"iid":"15989f53-36fd-4ec6-b7d5-d9b1275afd76","modifiedOn":"2025-01-22T10:54:39.667Z","parameterType":"651e1875-9236-4bd2-b3a7-fd89797ebdd8","revisionNumber":446,"scale":"04069206-212c-46a1-b405-7d8bd2d6b0d2","shortName":"V7","thingPreference":null},{"classKind":"ParameterTypeComponent","excludedDomain":[],"excludedPerson":[],"iid":"164a2e54-e30d-4ef7-83a5-ff3a20104760","modifiedOn":"2025-01-22T10:55:04.731Z","parameterType":"651e1875-9236-4bd2-b3a7-fd89797ebdd8","revisionNumber":447,"scale":"04069206-212c-46a1-b405-7d8bd2d6b0d2","shortName":"V4","thingPreference":null},{"classKind":"ParameterTypeComponent","excludedDomain":[],"excludedPerson":[],"iid":"16f5525a-0f40-4f20-af6b-d05cb7e9d209","modifiedOn":"2025-01-22T10:56:25.530Z","parameterType":"62960646-dafd-4476-9560-4ca0f12d8a13","revisionNumber":450,"scale":"afa67752-f90e-46a0-906f-ab43a474b97e","shortName":"V9","thingPreference":null},{"classKind":"ParameterTypeComponent","excludedDomain":[],"excludedPerson":[],"iid":"1876864a-875a-4bbc-8dd5-a0cb0d631d48","modifiedOn":"2025-01-22T10:53:38.006Z","parameterType":"651e1875-9236-4bd2-b3a7-fd89797ebdd8","revisionNumber":444,"scale":"04069206-212c-46a1-b405-7d8bd2d6b0d2","shortName":"V8","thingPreference":null},{"classKind":"ParameterTypeComponent","excludedDomain":[],"excludedPerson":[],"iid":"1933889b-d60f-4be6-86df-45870e9ff281","modifiedOn":"2025-01-22T10:56:25.530Z","parameterType":"62960646-dafd-4476-9560-4ca0f12d8a13","revisionNumber":450,"scale":"afa67752-f90e-46a0-906f-ab43a474b97e","shortName":"V15","thingPreference":null},{"classKind":"ParameterTypeComponent","excludedDomain":[],"excludedPerson":[],"iid":"195b30c5-4c48-4b84-acd1-7339d0bcf7bd","modifiedOn":"2025-01-22T10:53:38.006Z","parameterType":"651e1875-9236-4bd2-b3a7-fd89797ebdd8","revisionNumber":444,"scale":"04069206-212c-46a1-b405-7d8bd2d6b0d2","shortName":"V24","thingPreference":null},{"classKind":"ParameterTypeComponent","excludedDomain":[],"excludedPerson":[],"iid":"1aa1057b-43f9-4e0c-be1a-de51b2019efd","modifiedOn":"2025-01-22T10:54:39.667Z","parameterType":"651e1875-9236-4bd2-b3a7-fd89797ebdd8","revisionNumber":446,"scale":"04069206-212c-46a1-b405-7d8bd2d6b0d2","shortName":"V25","thingPreference":null},{"classKind":"ParameterTypeComponent","excludedDomain":[],"excludedPerson":[],"iid":"1b69d45c-519b-4e33-b508-d12839b0b4c4","modifiedOn":"2025-01-22T10:56:54.243Z","parameterType":"62960646-dafd-4476-9560-4ca0f12d8a13","revisionNumber":451,"scale":"afa67752-f90e-46a0-906f-ab43a474b97e","shortName":"V28","thingPreference":null},{"classKind":"ParameterTypeComponent","excludedDomain":[],"excludedPerson":[],"iid":"1e599323-77b4-49f3-b89c-c52d3b5b41cf","modifiedOn":"2025-01-22T10:54:07.714Z","parameterType":"651e1875-9236-4bd2-b3a7-fd89797ebdd8","revisionNumber":445,"scale":"04069206-212c-46a1-b405-7d8bd2d6b0d2","shortName":"V30","thingPreference":null},{"classKind":"ParameterTypeComponent","excludedDomain":[],"excludedPerson":[],"iid":"1e7a0b92-ca8d-449f-a112-4040a481ad87","modifiedOn":"2025-01-22T10:54:07.714Z","parameterType":"651e1875-9236-4bd2-b3a7-fd89797ebdd8","revisionNumber":445,"scale":"04069206-212c-46a1-b405-7d8bd2d6b0d2","shortName":"V3","thingPreference":null},{"classKind":"ParameterTypeComponent","excludedDomain":[],"excludedPerson":[],"iid":"1f9a6e1c-de3c-4814-9b57-1433fa98dd76","modifiedOn":"2025-01-22T10:56:25.530Z","parameterType":"62960646-dafd-4476-9560-4ca0f12d8a13","revisionNumber":450,"scale":"afa67752-f90e-46a0-906f-ab43a474b97e","shortName":"V6","thingPreference":null},{"classKind":"ParameterTypeComponent","excludedDomain":[],"excludedPerson":[],"iid":"1f9fd674-1522-41e1-a5fc-5340ada9cb87","modifiedOn":"2025-01-22T10:55:04.731Z","parameterType":"651e1875-9236-4bd2-b3a7-fd89797ebdd8","revisionNumber":447,"scale":"04069206-212c-46a1-b405-7d8bd2d6b0d2","shortName":"V14","thingPreference":null},{"classKind":"ParameterTypeComponent","excludedDomain":[],"excludedPerson":[],"iid":"20844505-71a9-407c-9b59-379cdb7105dd","modifiedOn":"2025-01-22T10:55:54.046Z","parameterType":"62960646-dafd-4476-9560-4ca0f12d8a13","revisionNumber":449,"scale":"afa67752-f90e-46a0-906f-ab43a474b97e","shortName":"V3","thingPreference":null},{"classKind":"ParameterTypeComponent","excludedDomain":[],"excludedPerson":[],"iid":"2263921b-2c7f-4708-bc86-95c2669fea2d","modifiedOn":"2025-01-22T10:54:07.714Z","parameterType":"651e1875-9236-4bd2-b3a7-fd89797ebdd8","revisionNumber":445,"scale":"04069206-212c-46a1-b405-7d8bd2d6b0d2","shortName":"V6","thingPreference":null},{"classKind":"ParameterTypeComponent","excludedDomain":[],"excludedPerson":[],"iid":"22aa8258-5f58-4524-bb38-fa8518c6119d","modifiedOn":"2025-01-22T10:56:25.530Z","parameterType":"62960646-dafd-4476-9560-4ca0f12d8a13","revisionNumber":450,"scale":"afa67752-f90e-46a0-906f-ab43a474b97e","shortName":"V8","thingPreference":null},{"classKind":"ParameterTypeComponent","excludedDomain":[],"excludedPerson":[],"iid":"2331166d-574d-4e32-aa83-a502b6e24538","modifiedOn":"2025-01-22T10:03:24.230Z","parameterType":"8b4a8764-a5e8-4e9d-be3c-6bf6a833100a","revisionNumber":422,"scale":"7406c60b-9f22-44a4-9fe5-bedfa0a83b93","shortName":"V","thingPreference":null},{"classKind":"ParameterTypeComponent","excludedDomain":[],"excludedPerson":[],"iid":"248ae1dc-9e4f-40d6-b3dc-d15e4ef69c06","modifiedOn":"2025-01-22T10:55:54.046Z","parameterType":"62960646-dafd-4476-9560-4ca0f12d8a13","revisionNumber":449,"scale":"afa67752-f90e-46a0-906f-ab43a474b97e","shortName":"V14","thingPreference":null},{"classKind":"ParameterTypeComponent","excludedDomain":[],"excludedPerson":[],"iid":"260504f2-b8ef-41df-914e-c78a8b118c93","modifiedOn":"2025-01-22T10:53:38.006Z","parameterType":"651e1875-9236-4bd2-b3a7-fd89797ebdd8","revisionNumber":444,"scale":"04069206-212c-46a1-b405-7d8bd2d6b0d2","shortName":"V28","thingPreference":null},{"classKind":"ParameterTypeComponent","excludedDomain":[],"excludedPerson":[],"iid":"2627809a-3552-410e-8f1f-bfa3af465862","modifiedOn":"2025-01-22T10:56:54.243Z","parameterType":"62960646-dafd-4476-9560-4ca0f12d8a13","revisionNumber":451,"scale":"afa67752-f90e-46a0-906f-ab43a474b97e","shortName":"V11","thingPreference":null},{"classKind":"ParameterTypeComponent","excludedDomain":[],"excludedPerson":[],"iid":"265d4315-b416-451f-a615-e11fb9ff370d","modifiedOn":"2025-01-22T10:53:38.006Z","parameterType":"651e1875-9236-4bd2-b3a7-fd89797ebdd8","revisionNumber":444,"scale":"04069206-212c-46a1-b405-7d8bd2d6b0d2","shortName":"V21","thingPreference":null},{"classKind":"ParameterTypeComponent","excludedDomain":[],"excludedPerson":[],"iid":"26915b65-903e-4a73-b959-9b02f8579224","modifiedOn":"2025-01-22T10:55:04.731Z","parameterType":"651e1875-9236-4bd2-b3a7-fd89797ebdd8","revisionNumber":447,"scale":"04069206-212c-46a1-b405-7d8bd2d6b0d2","shortName":"V15","thingPreference":null},{"classKind":"ParameterTypeComponent","excludedDomain":[],"excludedPerson":[],"iid":"2731a982-6379-4624-bde4-5d175408e3f5","modifiedOn":"2025-01-22T10:56:54.243Z","parameterType":"62960646-dafd-4476-9560-4ca0f12d8a13","revisionNumber":451,"scale":"afa67752-f90e-46a0-906f-ab43a474b97e","shortName":"V19","thingPreference":null},{"classKind":"ParameterTypeComponent","excludedDomain":[],"excludedPerson":[],"iid":"273917e0-ea98-4cb8-88f3-a6478e767a94","modifiedOn":"2025-01-22T10:54:39.667Z","parameterType":"651e1875-9236-4bd2-b3a7-fd89797ebdd8","revisionNumber":446,"scale":"04069206-212c-46a1-b405-7d8bd2d6b0d2","shortName":"V3","thingPreference":null},{"classKind":"ParameterTypeComponent","excludedDomain":[],"excludedPerson":[],"iid":"27abab58-35a5-4c85-a93d-a5be0048afb5","modifiedOn":"2025-01-22T10:55:04.731Z","parameterType":"651e1875-9236-4bd2-b3a7-fd89797ebdd8","revisionNumber":447,"scale":"04069206-212c-46a1-b405-7d8bd2d6b0d2","shortName":"V19","thingPreference":null},{"alias":[],"category":[],"classKind":"SpecializedQuantityKind","defaultScale":"3d5bddb6-640f-4d79-9c35-64a554946884","definition":[],"excludedDomain":[],"excludedPerson":[],"general":"66766f44-0a0b-4e0a-9bc7-8ae027c2da5c","hyperLink":[],"iid":"27c986f5-ac65-47bb-8741-ac3e16eec58d","isDeprecated":false,"modifiedOn":"2025-01-20T11:37:03.079Z","name":"Length waterline","possibleScale":[],"quantityDimensionSymbol":"Lwl","revisionNumber":397,"shortName":"LWL","symbol":"Lwl","thingPreference":null},{"classKind":"ParameterTypeComponent","excludedDomain":[],"excludedPerson":[],"iid":"2887ab14-0d0e-42b4-b604-271553b738f6","modifiedOn":"2025-01-22T10:53:38.006Z","parameterType":"651e1875-9236-4bd2-b3a7-fd89797ebdd8","revisionNumber":444,"scale":"04069206-212c-46a1-b405-7d8bd2d6b0d2","shortName":"V4","thingPreference":null},{"classKind":"ParameterTypeComponent","excludedDomain":[],"excludedPerson":[],"iid":"2a37512b-3f90-4ed4-ba0c-0e28eded90e9","modifiedOn":"2025-01-22T10:56:25.530Z","parameterType":"62960646-dafd-4476-9560-4ca0f12d8a13","revisionNumber":450,"scale":"afa67752-f90e-46a0-906f-ab43a474b97e","shortName":"V28","thingPreference":null},{"classKind":"ParameterTypeComponent","excludedDomain":[],"excludedPerson":[],"iid":"2eeb06a8-46be-490e-8667-88647b2a1f02","modifiedOn":"2025-01-22T10:53:38.006Z","parameterType":"651e1875-9236-4bd2-b3a7-fd89797ebdd8","revisionNumber":444,"scale":"04069206-212c-46a1-b405-7d8bd2d6b0d2","shortName":"V15","thingPreference":null},{"classKind":"ParameterTypeComponent","excludedDomain":[],"excludedPerson":[],"iid":"2f386f4f-d9fb-49b1-961d-f210aff64292","modifiedOn":"2025-01-22T10:55:54.046Z","parameterType":"62960646-dafd-4476-9560-4ca0f12d8a13","revisionNumber":449,"scale":"afa67752-f90e-46a0-906f-ab43a474b97e","shortName":"V4","thingPreference":null},{"classKind":"ParameterTypeComponent","excludedDomain":[],"excludedPerson":[],"iid":"330e0eef-7d75-4d0e-96fb-609ea8da7f76","modifiedOn":"2025-01-22T10:54:07.714Z","parameterType":"651e1875-9236-4bd2-b3a7-fd89797ebdd8","revisionNumber":445,"scale":"04069206-212c-46a1-b405-7d8bd2d6b0d2","shortName":"V13","thingPreference":null},{"classKind":"ParameterTypeComponent","excludedDomain":[],"excludedPerson":[],"iid":"344c342d-846d-4b89-8f67-86f19a82d3ca","modifiedOn":"2025-01-22T10:56:25.530Z","parameterType":"62960646-dafd-4476-9560-4ca0f12d8a13","revisionNumber":450,"scale":"afa67752-f90e-46a0-906f-ab43a474b97e","shortName":"V26","thingPreference":null},{"classKind":"ParameterTypeComponent","excludedDomain":[],"excludedPerson":[],"iid":"34ddd492-9c7d-42d4-abdc-7c1c095d0ae1","modifiedOn":"2025-01-22T10:54:39.667Z","parameterType":"651e1875-9236-4bd2-b3a7-fd89797ebdd8","revisionNumber":446,"scale":"04069206-212c-46a1-b405-7d8bd2d6b0d2","shortName":"V4","thingPreference":null},{"alias":[],"category":[],"classKind":"ArrayParameterType","component":[{"k":-10428999,"v":"c5cbbfc8-1554-40be-a6be-26dc66af107c"},{"k":79913175,"v":"b0218ac9-c994-4ef5-a0e6-9382b60c17c5"},{"k":191586977,"v":"71c024df-65d4-4f3f-aa45-43338dc6167d"},{"k":301408317,"v":"164a2e54-e30d-4ef7-83a5-ff3a20104760"},{"k":384472205,"v":"a96344b3-5fc6-4d4e-a381-d057c38b95c0"},{"k":477134090,"v":"cb86fb7a-ddc8-449d-b47a-454c6adbec19"},{"k":578473896,"v":"6635dc2f-f2d5-43db-bb91-ce06b41c42b7"},{"k":676937007,"v":"b0b1dbac-f264-453a-a4f2-513643c00e3b"},{"k":794278449,"v":"b3d28c5b-870b-4fbb-9eec-c06f116b437f"},{"k":881911015,"v":"e3e61b2a-fb32-46cc-8be7-225e33a0c6ff"},{"k":990674319,"v":"f433da09-dade-42e9-8a6c-12f1aadabfac"},{"k":1083183714,"v":"d19ad911-5175-475a-9e49-8e766c191a07"},{"k":1189595672,"v":"699f795d-8ea5-4987-b37c-056d6182600e"},{"k":1274576996,"v":"1f9fd674-1522-41e1-a5fc-5340ada9cb87"},{"k":1392125175,"v":"26915b65-903e-4a73-b959-9b02f8579224"},{"k":1473839060,"v":"ff033147-d39c-4ab1-a35d-86feff26ad15"},{"k":1558689509,"v":"37625026-2ddf-4c6e-8d58-3f0b23c024a7"},{"k":1669024806,"v":"502a0708-3e8d-4285-adad-d1aa64b3c828"},{"k":1758186836,"v":"27abab58-35a5-4c85-a93d-a5be0048afb5"},{"k":1855840585,"v":"5dec2fc8-f83e-4dda-a60e-2dce235efc15"},{"k":1947759362,"v":"e7cea3d7-3f16-46b5-be96-78e50b7ab1f1"},{"k":2029219954,"v":"d89c6867-a77c-4f1b-9ab5-0962669c1601"},{"k":2148374939,"v":"408be472-40d0-405c-8dcc-e0bf192e0c6a"},{"k":2235765896,"v":"79bd9189-df8c-4321-94da-637f6f14b3e0"},{"k":2336359727,"v":"ae1cd801-a8a2-46a4-83be-fabab2f1eab4"},{"k":2418463497,"v":"110261a8-35fc-440e-9925-3d922048812e"},{"k":2522637144,"v":"55e020f3-8b57-4b18-83bf-f2d89fa6c2e6"},{"k":2630158738,"v":"b25f4f81-1ef5-4e30-b5f6-c5ede5f86065"},{"k":2743239627,"v":"5df67c13-574b-4701-9ffd-745e2dcb6bb9"},{"k":2832492932,"v":"f5ca191a-a715-40a6-80f1-74086ba18707"}],"definition":[],"dimension":[{"k":-19918654,"v":30},{"k":71713807,"v":1}],"excludedDomain":[],"excludedPerson":[],"hyperLink":[],"iid":"35de0317-a407-4459-9675-155350eaf82e","isDeprecated":false,"isFinalized":false,"isTensor":false,"modifiedOn":"2025-01-22T11:03:37.745Z","name":"Velocity[kn] over Power[kW] at SS5","revisionNumber":455,"shortName":"VP_SS5","symbol":"VP_SS5","thingPreference":null},{"classKind":"ParameterTypeComponent","excludedDomain":[],"excludedPerson":[],"iid":"36088a18-fb64-4b01-9217-9d0df5fe4f30","modifiedOn":"2025-01-22T10:56:54.243Z","parameterType":"62960646-dafd-4476-9560-4ca0f12d8a13","revisionNumber":451,"scale":"afa67752-f90e-46a0-906f-ab43a474b97e","shortName":"V27","thingPreference":null},{"classKind":"ParameterTypeComponent","excludedDomain":[],"excludedPerson":[],"iid":"37625026-2ddf-4c6e-8d58-3f0b23c024a7","modifiedOn":"2025-01-22T10:55:04.731Z","parameterType":"651e1875-9236-4bd2-b3a7-fd89797ebdd8","revisionNumber":447,"scale":"04069206-212c-46a1-b405-7d8bd2d6b0d2","shortName":"V17","thingPreference":null},{"classKind":"ParameterTypeComponent","excludedDomain":[],"excludedPerson":[],"iid":"3ba099cd-f00d-4bba-ae6b-70d29c381de4","modifiedOn":"2025-01-22T10:54:39.667Z","parameterType":"651e1875-9236-4bd2-b3a7-fd89797ebdd8","revisionNumber":446,"scale":"04069206-212c-46a1-b405-7d8bd2d6b0d2","shortName":"V23","thingPreference":null},{"alias":[],"category":[],"classKind":"SpecializedQuantityKind","defaultScale":"9a112a9a-411a-49a0-8df8-87285a1e2155","definition":[],"excludedDomain":[],"excludedPerson":[],"general":"651e1875-9236-4bd2-b3a7-fd89797ebdd8","hyperLink":[],"iid":"3baa5d2c-0fa5-4a7b-9ca3-5266faf87c05","isDeprecated":false,"modifiedOn":"2025-01-20T13:31:46.072Z","name":"installed power","possibleScale":[],"quantityDimensionSymbol":"Pinst","revisionNumber":410,"shortName":"Pinstalled","symbol":"Pinst","thingPreference":null},{"classKind":"ParameterTypeComponent","excludedDomain":[],"excludedPerson":[],"iid":"3c06675d-f21d-449a-b1de-7ba1915f9f06","modifiedOn":"2025-01-22T10:54:07.714Z","parameterType":"651e1875-9236-4bd2-b3a7-fd89797ebdd8","revisionNumber":445,"scale":"04069206-212c-46a1-b405-7d8bd2d6b0d2","shortName":"V21","thingPreference":null},{"classKind":"ParameterTypeComponent","excludedDomain":[],"excludedPerson":[],"iid":"3c834c18-5dd5-4b2f-8c49-26e651f4b076","modifiedOn":"2025-01-22T10:53:38.006Z","parameterType":"651e1875-9236-4bd2-b3a7-fd89797ebdd8","revisionNumber":444,"scale":"04069206-212c-46a1-b405-7d8bd2d6b0d2","shortName":"V17","thingPreference":null},{"classKind":"ParameterTypeComponent","excludedDomain":[],"excludedPerson":[],"iid":"3d7f9292-44a1-4f63-a530-e6fa3b5ba0db","modifiedOn":"2025-01-22T10:54:07.714Z","parameterType":"651e1875-9236-4bd2-b3a7-fd89797ebdd8","revisionNumber":445,"scale":"04069206-212c-46a1-b405-7d8bd2d6b0d2","shortName":"V15","thingPreference":null},{"classKind":"ParameterTypeComponent","excludedDomain":[],"excludedPerson":[],"iid":"3dcf9962-5e8c-4837-987b-e5486cc57771","modifiedOn":"2025-01-22T10:56:54.243Z","parameterType":"62960646-dafd-4476-9560-4ca0f12d8a13","revisionNumber":451,"scale":"afa67752-f90e-46a0-906f-ab43a474b97e","shortName":"V4","thingPreference":null},{"classKind":"ParameterTypeComponent","excludedDomain":[],"excludedPerson":[],"iid":"3dfef241-fde3-427b-94b7-cdbcccbeb205","modifiedOn":"2025-01-22T10:54:39.667Z","parameterType":"651e1875-9236-4bd2-b3a7-fd89797ebdd8","revisionNumber":446,"scale":"04069206-212c-46a1-b405-7d8bd2d6b0d2","shortName":"V28","thingPreference":null},{"alias":[],"category":[],"classKind":"SpecializedQuantityKind","defaultScale":"61ce4bb0-8301-4061-8e45-0c6682db9a9f","definition":[],"excludedDomain":[],"excludedPerson":[],"general":"8db6737f-5269-47a1-9df8-55ba358c5737","hyperLink":[],"iid":"3fc3355e-7086-43b8-9fdf-1462328ad58f","isDeprecated":false,"modifiedOn":"2025-01-20T16:32:11.935Z","name":"drymass excl. margin","possibleScale":[],"quantityDimensionSymbol":"m_dry_excl","revisionNumber":411,"shortName":"m_dry_excl","symbol":"m_dry_excl","thingPreference":null},{"classKind":"ParameterTypeComponent","excludedDomain":[],"excludedPerson":[],"iid":"406b164a-0253-4469-8a43-c110573247be","modifiedOn":"2025-01-22T10:56:25.530Z","parameterType":"62960646-dafd-4476-9560-4ca0f12d8a13","revisionNumber":450,"scale":"afa67752-f90e-46a0-906f-ab43a474b97e","shortName":"V10","thingPreference":null},{"classKind":"ParameterTypeComponent","excludedDomain":[],"excludedPerson":[],"iid":"408be472-40d0-405c-8dcc-e0bf192e0c6a","modifiedOn":"2025-01-22T10:55:04.731Z","parameterType":"651e1875-9236-4bd2-b3a7-fd89797ebdd8","revisionNumber":447,"scale":"04069206-212c-46a1-b405-7d8bd2d6b0d2","shortName":"V23","thingPreference":null},{"classKind":"ParameterTypeComponent","excludedDomain":[],"excludedPerson":[],"iid":"418a5432-c0e0-43a8-96d7-166b0f40dfd0","modifiedOn":"2025-01-22T10:56:25.530Z","parameterType":"62960646-dafd-4476-9560-4ca0f12d8a13","revisionNumber":450,"scale":"afa67752-f90e-46a0-906f-ab43a474b97e","shortName":"V27","thingPreference":null},{"alias":[],"category":[],"classKind":"SpecializedQuantityKind","defaultScale":"3d5bddb6-640f-4d79-9c35-64a554946884","definition":[],"excludedDomain":[],"excludedPerson":[],"general":"66766f44-0a0b-4e0a-9bc7-8ae027c2da5c","hyperLink":[],"iid":"418ee8d4-a5a6-4732-bbfa-792897050d32","isDeprecated":false,"modifiedOn":"2025-01-20T11:39:41.663Z","name":"length between perpendiculars","possibleScale":[],"quantityDimensionSymbol":"Lpp","revisionNumber":399,"shortName":"LPP","symbol":"Lpp","thingPreference":null},{"classKind":"ParameterTypeComponent","excludedDomain":[],"excludedPerson":[],"iid":"42baaf96-80ae-4d4d-bf2d-95b486c83edb","modifiedOn":"2025-01-22T10:56:25.530Z","parameterType":"62960646-dafd-4476-9560-4ca0f12d8a13","revisionNumber":450,"scale":"afa67752-f90e-46a0-906f-ab43a474b97e","shortName":"V5","thingPreference":null},{"classKind":"ParameterTypeComponent","excludedDomain":[],"excludedPerson":[],"iid":"4560a1c9-cd52-424e-b989-223f58caa237","modifiedOn":"2025-01-22T10:56:54.243Z","parameterType":"62960646-dafd-4476-9560-4ca0f12d8a13","revisionNumber":451,"scale":"afa67752-f90e-46a0-906f-ab43a474b97e","shortName":"V10","thingPreference":null},{"classKind":"ParameterTypeComponent","excludedDomain":[],"excludedPerson":[],"iid":"48f67a47-3f2f-4104-aaed-f3f8b0152d3c","modifiedOn":"2025-01-22T10:54:39.667Z","parameterType":"651e1875-9236-4bd2-b3a7-fd89797ebdd8","revisionNumber":446,"scale":"04069206-212c-46a1-b405-7d8bd2d6b0d2","shortName":"V16","thingPreference":null},{"classKind":"ParameterTypeComponent","excludedDomain":[],"excludedPerson":[],"iid":"496f96dc-1a38-44ad-8896-219b47b458d0","modifiedOn":"2025-01-22T10:54:07.714Z","parameterType":"651e1875-9236-4bd2-b3a7-fd89797ebdd8","revisionNumber":445,"scale":"04069206-212c-46a1-b405-7d8bd2d6b0d2","shortName":"V5","thingPreference":null},{"classKind":"ParameterTypeComponent","excludedDomain":[],"excludedPerson":[],"iid":"4a46cd92-c65c-4a8c-bf78-3a05936aa44a","modifiedOn":"2025-01-22T10:54:39.667Z","parameterType":"651e1875-9236-4bd2-b3a7-fd89797ebdd8","revisionNumber":446,"scale":"04069206-212c-46a1-b405-7d8bd2d6b0d2","shortName":"V29","thingPreference":null},{"classKind":"ParameterTypeComponent","excludedDomain":[],"excludedPerson":[],"iid":"4a9f2022-e3bd-4c53-ae72-0f56c71582a4","modifiedOn":"2025-01-22T10:54:07.714Z","parameterType":"651e1875-9236-4bd2-b3a7-fd89797ebdd8","revisionNumber":445,"scale":"04069206-212c-46a1-b405-7d8bd2d6b0d2","shortName":"V8","thingPreference":null},{"classKind":"ParameterTypeComponent","excludedDomain":[],"excludedPerson":[],"iid":"4c42f091-a066-4739-b2ef-78f9c660e9ed","modifiedOn":"2025-01-22T10:54:39.667Z","parameterType":"651e1875-9236-4bd2-b3a7-fd89797ebdd8","revisionNumber":446,"scale":"04069206-212c-46a1-b405-7d8bd2d6b0d2","shortName":"V17","thingPreference":null},{"classKind":"ParameterTypeComponent","excludedDomain":[],"excludedPerson":[],"iid":"4e58b79a-545f-49c1-9166-96e964bb12b9","modifiedOn":"2025-01-22T10:54:39.667Z","parameterType":"651e1875-9236-4bd2-b3a7-fd89797ebdd8","revisionNumber":446,"scale":"04069206-212c-46a1-b405-7d8bd2d6b0d2","shortName":"V5","thingPreference":null},{"classKind":"ParameterTypeComponent","excludedDomain":[],"excludedPerson":[],"iid":"502a0708-3e8d-4285-adad-d1aa64b3c828","modifiedOn":"2025-01-22T10:55:04.731Z","parameterType":"651e1875-9236-4bd2-b3a7-fd89797ebdd8","revisionNumber":447,"scale":"04069206-212c-46a1-b405-7d8bd2d6b0d2","shortName":"V18","thingPreference":null},{"classKind":"ParameterTypeComponent","excludedDomain":[],"excludedPerson":[],"iid":"50a00e07-c60b-4a52-af61-906832698a9f","modifiedOn":"2025-01-22T10:53:38.006Z","parameterType":"651e1875-9236-4bd2-b3a7-fd89797ebdd8","revisionNumber":444,"scale":"04069206-212c-46a1-b405-7d8bd2d6b0d2","shortName":"V26","thingPreference":null},{"classKind":"ParameterTypeComponent","excludedDomain":[],"excludedPerson":[],"iid":"51621554-6cfb-459f-9eba-b066aa029c46","modifiedOn":"2025-01-22T10:54:39.667Z","parameterType":"651e1875-9236-4bd2-b3a7-fd89797ebdd8","revisionNumber":446,"scale":"04069206-212c-46a1-b405-7d8bd2d6b0d2","shortName":"V22","thingPreference":null},{"classKind":"ParameterTypeComponent","excludedDomain":[],"excludedPerson":[],"iid":"53c9d5a8-7b7d-4bbc-949f-c9584e8bdfa3","modifiedOn":"2025-01-22T10:53:38.006Z","parameterType":"651e1875-9236-4bd2-b3a7-fd89797ebdd8","revisionNumber":444,"scale":"04069206-212c-46a1-b405-7d8bd2d6b0d2","shortName":"V11","thingPreference":null},{"classKind":"ParameterTypeComponent","excludedDomain":[],"excludedPerson":[],"iid":"53dbf88c-109a-4113-abcd-08f1f68d384a","modifiedOn":"2025-01-22T10:55:54.046Z","parameterType":"62960646-dafd-4476-9560-4ca0f12d8a13","revisionNumber":449,"scale":"afa67752-f90e-46a0-906f-ab43a474b97e","shortName":"V20","thingPreference":null},{"classKind":"ParameterTypeComponent","excludedDomain":[],"excludedPerson":[],"iid":"53fdd9bb-0fac-4138-a1ea-e282c46f51ac","modifiedOn":"2025-01-22T10:54:07.714Z","parameterType":"651e1875-9236-4bd2-b3a7-fd89797ebdd8","revisionNumber":445,"scale":"04069206-212c-46a1-b405-7d8bd2d6b0d2","shortName":"V4","thingPreference":null},{"classKind":"ParameterTypeComponent","excludedDomain":[],"excludedPerson":[],"iid":"545e18b7-4e58-4ef5-9a7d-4f51bbd1ea87","modifiedOn":"2025-01-22T10:54:39.667Z","parameterType":"651e1875-9236-4bd2-b3a7-fd89797ebdd8","revisionNumber":446,"scale":"04069206-212c-46a1-b405-7d8bd2d6b0d2","shortName":"V24","thingPreference":null},{"classKind":"ParameterTypeComponent","excludedDomain":[],"excludedPerson":[],"iid":"55e020f3-8b57-4b18-83bf-f2d89fa6c2e6","modifiedOn":"2025-01-22T10:55:04.731Z","parameterType":"651e1875-9236-4bd2-b3a7-fd89797ebdd8","revisionNumber":447,"scale":"04069206-212c-46a1-b405-7d8bd2d6b0d2","shortName":"V27","thingPreference":null},{"classKind":"ParameterTypeComponent","excludedDomain":[],"excludedPerson":[],"iid":"5a0bc68c-4f8f-4276-969f-02b00abda536","modifiedOn":"2025-01-22T10:54:07.714Z","parameterType":"651e1875-9236-4bd2-b3a7-fd89797ebdd8","revisionNumber":445,"scale":"04069206-212c-46a1-b405-7d8bd2d6b0d2","shortName":"V28","thingPreference":null},{"classKind":"ParameterTypeComponent","excludedDomain":[],"excludedPerson":[],"iid":"5b51543f-19f6-487e-8614-7547d1f66561","modifiedOn":"2025-01-22T10:56:54.243Z","parameterType":"62960646-dafd-4476-9560-4ca0f12d8a13","revisionNumber":451,"scale":"afa67752-f90e-46a0-906f-ab43a474b97e","shortName":"V18","thingPreference":null},{"classKind":"ParameterTypeComponent","excludedDomain":[],"excludedPerson":[],"iid":"5d2f0483-fd53-4464-889d-f644c63ccc68","modifiedOn":"2025-01-22T10:56:25.530Z","parameterType":"62960646-dafd-4476-9560-4ca0f12d8a13","revisionNumber":450,"scale":"afa67752-f90e-46a0-906f-ab43a474b97e","shortName":"V13","thingPreference":null},{"classKind":"ParameterTypeComponent","excludedDomain":[],"excludedPerson":[],"iid":"5dec2fc8-f83e-4dda-a60e-2dce235efc15","modifiedOn":"2025-01-22T10:55:04.731Z","parameterType":"651e1875-9236-4bd2-b3a7-fd89797ebdd8","revisionNumber":447,"scale":"04069206-212c-46a1-b405-7d8bd2d6b0d2","shortName":"V20","thingPreference":null},{"classKind":"ParameterTypeComponent","excludedDomain":[],"excludedPerson":[],"iid":"5df67c13-574b-4701-9ffd-745e2dcb6bb9","modifiedOn":"2025-01-22T10:55:04.731Z","parameterType":"651e1875-9236-4bd2-b3a7-fd89797ebdd8","revisionNumber":447,"scale":"04069206-212c-46a1-b405-7d8bd2d6b0d2","shortName":"V29","thingPreference":null},{"classKind":"ParameterTypeComponent","excludedDomain":[],"excludedPerson":[],"iid":"5f9a0c45-d6cc-4d04-a0b4-6211fd42a764","modifiedOn":"2025-01-22T10:55:54.046Z","parameterType":"62960646-dafd-4476-9560-4ca0f12d8a13","revisionNumber":449,"scale":"afa67752-f90e-46a0-906f-ab43a474b97e","shortName":"V30","thingPreference":null},{"classKind":"ParameterTypeComponent","excludedDomain":[],"excludedPerson":[],"iid":"6001791f-6cce-4e98-8ce9-7812edea1eea","modifiedOn":"2025-01-22T10:53:38.006Z","parameterType":"651e1875-9236-4bd2-b3a7-fd89797ebdd8","revisionNumber":444,"scale":"04069206-212c-46a1-b405-7d8bd2d6b0d2","shortName":"V18","thingPreference":null},{"alias":[],"category":[],"classKind":"ArrayParameterType","component":[{"k":-15924728,"v":"67c420dd-ca65-43ca-97ac-99eeeab54966"},{"k":98660683,"v":"c1b6a2b4-6656-4b25-8ea4-e2ea44eede00"},{"k":206675635,"v":"6654e251-8708-4de8-a9f8-69edea394bb3"},{"k":300125981,"v":"2887ab14-0d0e-42b4-b604-271553b738f6"},{"k":398880085,"v":"bc596e40-74a4-4872-ab56-10456a2641b9"},{"k":491505172,"v":"84c8d895-f3c7-4508-b16f-7c975f1b0616"},{"k":592953059,"v":"f35fa10e-b880-40f1-9284-05642c6f11e7"},{"k":678684741,"v":"1876864a-875a-4bbc-8dd5-a0cb0d631d48"},{"k":779444306,"v":"f05a23a0-970b-454f-971e-e0b430cc62e4"},{"k":886124262,"v":"d72a16c6-8577-42cc-bedf-de6c39a97a27"},{"k":989753265,"v":"53c9d5a8-7b7d-4bbc-949f-c9584e8bdfa3"},{"k":1103074425,"v":"ee9d8a6a-9e7f-45b5-b47b-6c190a23f6d6"},{"k":1193627256,"v":"1334dbe3-8531-4c21-a3c4-fa1d98879159"},{"k":1307968844,"v":"67a67f08-62b3-4945-b503-007109b732dc"},{"k":1409925626,"v":"2eeb06a8-46be-490e-8667-88647b2a1f02"},{"k":1513421092,"v":"85ec77b3-6e14-4a56-933f-28ba290d228b"},{"k":1596853263,"v":"3c834c18-5dd5-4b2f-8c49-26e651f4b076"},{"k":1716278704,"v":"6001791f-6cce-4e98-8ce9-7812edea1eea"},{"k":1826716807,"v":"93c01d4d-1a80-447e-bf00-174cb21c4dee"},{"k":1926379141,"v":"bcf0897a-1152-4cbe-bfff-53a6fd3f72b7"},{"k":2045350273,"v":"265d4315-b416-451f-a615-e11fb9ff370d"},{"k":2143590238,"v":"79caa1c1-848b-4f8d-b958-2dd447ab3014"},{"k":2250680012,"v":"c259a9f9-e202-4117-a98a-97d69ef71be6"},{"k":2336503238,"v":"195b30c5-4c48-4b84-acd1-7339d0bcf7bd"},{"k":2426898372,"v":"8b4be6ba-5edb-4fc7-aa07-e4171082073d"},{"k":2524749761,"v":"50a00e07-c60b-4a52-af61-906832698a9f"},{"k":2618029414,"v":"dadc119a-adbe-4ca7-a2ab-2342b0a9b270"},{"k":2733990625,"v":"260504f2-b8ef-41df-914e-c78a8b118c93"},{"k":2825144081,"v":"d002baef-3634-4ef1-b5b7-f40f63475dcf"},{"k":2926342438,"v":"e8c6a867-259d-4154-a51e-6df1cab0d8f1"}],"definition":[],"dimension":[{"k":14589887,"v":30},{"k":115277774,"v":1}],"excludedDomain":[],"excludedPerson":[],"hyperLink":[],"iid":"617da90c-898a-43c8-a4ef-72bb051387fc","isDeprecated":false,"isFinalized":false,"isTensor":false,"modifiedOn":"2025-01-22T11:02:47.801Z","name":"Velocity[kn] over Power[kW] at Calm sea","revisionNumber":452,"shortName":"VP_Calm","symbol":"VP_Calm","thingPreference":null},{"classKind":"ParameterTypeComponent","excludedDomain":[],"excludedPerson":[],"iid":"61cef7a3-4e20-422b-886b-17164b0186f2","modifiedOn":"2025-01-22T10:54:07.714Z","parameterType":"651e1875-9236-4bd2-b3a7-fd89797ebdd8","revisionNumber":445,"scale":"04069206-212c-46a1-b405-7d8bd2d6b0d2","shortName":"V14","thingPreference":null},{"classKind":"ParameterTypeComponent","excludedDomain":[],"excludedPerson":[],"iid":"62716f65-fab1-48de-8ee4-8255fa043c38","modifiedOn":"2025-01-22T10:54:39.667Z","parameterType":"651e1875-9236-4bd2-b3a7-fd89797ebdd8","revisionNumber":446,"scale":"04069206-212c-46a1-b405-7d8bd2d6b0d2","shortName":"V14","thingPreference":null},{"alias":[],"category":[],"classKind":"SpecializedQuantityKind","defaultScale":"d34ed55a-6583-4e21-a845-630ce88a0cb9","definition":[],"excludedDomain":[],"excludedPerson":[],"general":"8eaff2a2-d66b-4bc1-8b5f-688927ef2d0b","hyperLink":[],"iid":"63cc1269-7459-40a1-88f6-2eeddb2a19fc","isDeprecated":false,"modifiedOn":"2025-01-20T11:44:20.070Z","name":"deadrise angle","possibleScale":[],"quantityDimensionSymbol":"adr","revisionNumber":402,"shortName":"adr","symbol":"adr","thingPreference":null},{"alias":[],"category":[],"classKind":"CompoundParameterType","component":[{"k":-600878,"v":"2331166d-574d-4e32-aa83-a502b6e24538"},{"k":98106891,"v":"f9cc86c4-c8d2-4bf0-a0ff-f8d17e626643"}],"definition":[],"excludedDomain":[],"excludedPerson":[],"hyperLink":[],"iid":"65fc5d01-42b4-426a-ba0c-3f03f335732f","isDeprecated":true,"isFinalized":false,"modifiedOn":"2025-01-22T10:04:01.353Z","name":"vp","revisionNumber":423,"shortName":"vp","symbol":"vp","thingPreference":null},{"classKind":"ParameterTypeComponent","excludedDomain":[],"excludedPerson":[],"iid":"6635dc2f-f2d5-43db-bb91-ce06b41c42b7","modifiedOn":"2025-01-22T10:55:04.731Z","parameterType":"651e1875-9236-4bd2-b3a7-fd89797ebdd8","revisionNumber":447,"scale":"04069206-212c-46a1-b405-7d8bd2d6b0d2","shortName":"V7","thingPreference":null},{"classKind":"ParameterTypeComponent","excludedDomain":[],"excludedPerson":[],"iid":"6654e251-8708-4de8-a9f8-69edea394bb3","modifiedOn":"2025-01-22T10:53:38.006Z","parameterType":"651e1875-9236-4bd2-b3a7-fd89797ebdd8","revisionNumber":444,"scale":"04069206-212c-46a1-b405-7d8bd2d6b0d2","shortName":"V3","thingPreference":null},{"classKind":"ParameterTypeComponent","excludedDomain":[],"excludedPerson":[],"iid":"67a67f08-62b3-4945-b503-007109b732dc","modifiedOn":"2025-01-22T10:53:38.006Z","parameterType":"651e1875-9236-4bd2-b3a7-fd89797ebdd8","revisionNumber":444,"scale":"04069206-212c-46a1-b405-7d8bd2d6b0d2","shortName":"V14","thingPreference":null},{"classKind":"ParameterTypeComponent","excludedDomain":[],"excludedPerson":[],"iid":"67c420dd-ca65-43ca-97ac-99eeeab54966","modifiedOn":"2025-01-22T10:53:38.006Z","parameterType":"651e1875-9236-4bd2-b3a7-fd89797ebdd8","revisionNumber":444,"scale":"04069206-212c-46a1-b405-7d8bd2d6b0d2","shortName":"V1","thingPreference":null},{"classKind":"ParameterTypeComponent","excludedDomain":[],"excludedPerson":[],"iid":"699f795d-8ea5-4987-b37c-056d6182600e","modifiedOn":"2025-01-22T10:55:04.731Z","parameterType":"651e1875-9236-4bd2-b3a7-fd89797ebdd8","revisionNumber":447,"scale":"04069206-212c-46a1-b405-7d8bd2d6b0d2","shortName":"V13","thingPreference":null},{"classKind":"ParameterTypeComponent","excludedDomain":[],"excludedPerson":[],"iid":"6a476bd5-d2ca-445f-9395-ff317a2a7950","modifiedOn":"2025-01-22T10:56:25.530Z","parameterType":"62960646-dafd-4476-9560-4ca0f12d8a13","revisionNumber":450,"scale":"afa67752-f90e-46a0-906f-ab43a474b97e","shortName":"V22","thingPreference":null},{"alias":[],"category":[],"classKind":"ArrayParameterType","component":[{"k":-282392,"v":"8d056858-cecd-435b-bc7d-9840ebabb7f0"},{"k":88444249,"v":"cb4943a6-8ac5-441c-beef-bd5c0f73c2f3"},{"k":194263434,"v":"6b3aa00e-6d78-4483-9b2b-5d73d31bbf44"},{"k":292536144,"v":"3dcf9962-5e8c-4837-987b-e5486cc57771"},{"k":393435522,"v":"73071757-f687-47a9-a799-c9bdffa4b45e"},{"k":493329536,"v":"059331b5-5464-4bf5-befd-d00642b1bdba"},{"k":576511095,"v":"7ea4f7a7-525a-4964-a70b-4d97df60fa44"},{"k":693554563,"v":"0e365fe3-0d41-4dfa-ae71-1b02e0a347a6"},{"k":781322271,"v":"ade786a7-d2bf-44da-9fa2-255ca6b366e2"},{"k":883561138,"v":"4560a1c9-cd52-424e-b989-223f58caa237"},{"k":1002197445,"v":"2627809a-3552-410e-8f1f-bfa3af465862"},{"k":1095544247,"v":"82a6453f-7605-48e1-84ce-3a887ebe7de7"},{"k":1185358956,"v":"04225748-77a5-4125-88f9-cd7062877c9e"},{"k":1268788029,"v":"7e27c750-434f-402d-a49c-c010e2835747"},{"k":1370916326,"v":"f07ec76e-00eb-44d9-892b-15840a6c9050"},{"k":1457331189,"v":"b888adc6-12e8-4c5f-86d7-21b964a2713d"},{"k":1556011594,"v":"1264ad0c-226d-43ad-ae93-0b3862f93134"},{"k":1674518113,"v":"5b51543f-19f6-487e-8614-7547d1f66561"},{"k":1781684024,"v":"2731a982-6379-4624-bde4-5d175408e3f5"},{"k":1879132662,"v":"c0241e03-f701-45b0-b182-fd9dbd8ec013"},{"k":1985881793,"v":"fc404b42-eff8-4615-b2d6-a6c952ee30e4"},{"k":2097241756,"v":"cab42da0-839e-46f1-941d-68c0e9d9ccc9"},{"k":2214255085,"v":"6b433567-46ee-4e0f-b10e-07f4f3f71e15"},{"k":2294328773,"v":"a27be2b4-9f4d-41d9-b63f-de26bab537e2"},{"k":2379351750,"v":"eb2248b9-eff2-4e8d-a9b9-81dc0706f06a"},{"k":2460567264,"v":"bfc456f7-932b-4a15-aa21-d1e0a7ada451"},{"k":2560219864,"v":"36088a18-fb64-4b01-9217-9d0df5fe4f30"},{"k":2651120141,"v":"1b69d45c-519b-4e33-b508-d12839b0b4c4"},{"k":2731333251,"v":"a4d51b75-7050-40e3-8f14-454eac2dbf30"},{"k":2840100772,"v":"a70c3456-f87e-41da-ba1c-89aa8c3b4ecc"}],"definition":[],"dimension":[{"k":5158186,"v":30},{"k":114968794,"v":1}],"excludedDomain":[],"excludedPerson":[],"hyperLink":[],"iid":"6af0ddde-867d-4034-b6e7-d48ee9cfe3d1","isDeprecated":false,"isFinalized":false,"isTensor":false,"modifiedOn":"2025-01-22T11:04:51.048Z","name":"Velocity[kn] over Resistance[kN] at SS5","revisionNumber":459,"shortName":"VR_SS5","symbol":"VR_SS5","thingPreference":null},{"classKind":"ParameterTypeComponent","excludedDomain":[],"excludedPerson":[],"iid":"6b3aa00e-6d78-4483-9b2b-5d73d31bbf44","modifiedOn":"2025-01-22T10:56:54.243Z","parameterType":"62960646-dafd-4476-9560-4ca0f12d8a13","revisionNumber":451,"scale":"afa67752-f90e-46a0-906f-ab43a474b97e","shortName":"V3","thingPreference":null},{"classKind":"ParameterTypeComponent","excludedDomain":[],"excludedPerson":[],"iid":"6b433567-46ee-4e0f-b10e-07f4f3f71e15","modifiedOn":"2025-01-22T10:56:54.243Z","parameterType":"62960646-dafd-4476-9560-4ca0f12d8a13","revisionNumber":451,"scale":"afa67752-f90e-46a0-906f-ab43a474b97e","shortName":"V23","thingPreference":null},{"classKind":"ParameterTypeComponent","excludedDomain":[],"excludedPerson":[],"iid":"6b4a8173-a95e-4558-b59b-667bb4486a70","modifiedOn":"2025-01-22T10:56:25.530Z","parameterType":"62960646-dafd-4476-9560-4ca0f12d8a13","revisionNumber":450,"scale":"afa67752-f90e-46a0-906f-ab43a474b97e","shortName":"V24","thingPreference":null},{"classKind":"ParameterTypeComponent","excludedDomain":[],"excludedPerson":[],"iid":"6bf98502-92d3-4ba9-9a31-9c021f001cd0","modifiedOn":"2025-01-22T10:54:39.667Z","parameterType":"651e1875-9236-4bd2-b3a7-fd89797ebdd8","revisionNumber":446,"scale":"04069206-212c-46a1-b405-7d8bd2d6b0d2","shortName":"V27","thingPreference":null},{"classKind":"ParameterTypeComponent","excludedDomain":[],"excludedPerson":[],"iid":"6dad94f8-f4f9-4f52-957a-51b055942b23","modifiedOn":"2025-01-22T10:56:25.530Z","parameterType":"62960646-dafd-4476-9560-4ca0f12d8a13","revisionNumber":450,"scale":"afa67752-f90e-46a0-906f-ab43a474b97e","shortName":"V20","thingPreference":null},{"classKind":"ParameterTypeComponent","excludedDomain":[],"excludedPerson":[],"iid":"71c024df-65d4-4f3f-aa45-43338dc6167d","modifiedOn":"2025-01-22T10:55:04.731Z","parameterType":"651e1875-9236-4bd2-b3a7-fd89797ebdd8","revisionNumber":447,"scale":"04069206-212c-46a1-b405-7d8bd2d6b0d2","shortName":"V3","thingPreference":null},{"classKind":"ParameterTypeComponent","excludedDomain":[],"excludedPerson":[],"iid":"727b5bd0-df57-416c-b01d-1f9d9fc05c03","modifiedOn":"2025-01-22T10:54:39.667Z","parameterType":"651e1875-9236-4bd2-b3a7-fd89797ebdd8","revisionNumber":446,"scale":"04069206-212c-46a1-b405-7d8bd2d6b0d2","shortName":"V20","thingPreference":null},{"classKind":"ParameterTypeComponent","excludedDomain":[],"excludedPerson":[],"iid":"72c6446a-c508-4617-b5df-8a653fb38f9e","modifiedOn":"2025-01-22T10:54:39.667Z","parameterType":"651e1875-9236-4bd2-b3a7-fd89797ebdd8","revisionNumber":446,"scale":"04069206-212c-46a1-b405-7d8bd2d6b0d2","shortName":"V26","thingPreference":null},{"classKind":"ParameterTypeComponent","excludedDomain":[],"excludedPerson":[],"iid":"72d1ddcc-cbb0-4b6b-aed3-5f849c650a97","modifiedOn":"2025-01-22T10:54:39.667Z","parameterType":"651e1875-9236-4bd2-b3a7-fd89797ebdd8","revisionNumber":446,"scale":"04069206-212c-46a1-b405-7d8bd2d6b0d2","shortName":"V19","thingPreference":null},{"classKind":"ParameterTypeComponent","excludedDomain":[],"excludedPerson":[],"iid":"73071757-f687-47a9-a799-c9bdffa4b45e","modifiedOn":"2025-01-22T10:56:54.243Z","parameterType":"62960646-dafd-4476-9560-4ca0f12d8a13","revisionNumber":451,"scale":"afa67752-f90e-46a0-906f-ab43a474b97e","shortName":"V5","thingPreference":null},{"classKind":"ParameterTypeComponent","excludedDomain":[],"excludedPerson":[],"iid":"7568eab9-87fb-436d-a030-67e692695ba8","modifiedOn":"2025-01-22T10:55:54.046Z","parameterType":"62960646-dafd-4476-9560-4ca0f12d8a13","revisionNumber":449,"scale":"afa67752-f90e-46a0-906f-ab43a474b97e","shortName":"V19","thingPreference":null},{"classKind":"ParameterTypeComponent","excludedDomain":[],"excludedPerson":[],"iid":"762ecfa6-0955-4263-8c46-a72a4491c7cb","modifiedOn":"2025-01-22T10:54:07.714Z","parameterType":"651e1875-9236-4bd2-b3a7-fd89797ebdd8","revisionNumber":445,"scale":"04069206-212c-46a1-b405-7d8bd2d6b0d2","shortName":"V24","thingPreference":null},{"classKind":"ParameterTypeComponent","excludedDomain":[],"excludedPerson":[],"iid":"76e40af6-cf44-4e14-9c75-8a809466d961","modifiedOn":"2025-01-22T10:55:54.046Z","parameterType":"62960646-dafd-4476-9560-4ca0f12d8a13","revisionNumber":449,"scale":"afa67752-f90e-46a0-906f-ab43a474b97e","shortName":"V18","thingPreference":null},{"classKind":"ParameterTypeComponent","excludedDomain":[],"excludedPerson":[],"iid":"79bc59a0-ac8c-4d83-9134-e79a1ac8f8ff","modifiedOn":"2025-01-22T10:55:54.046Z","parameterType":"62960646-dafd-4476-9560-4ca0f12d8a13","revisionNumber":449,"scale":"afa67752-f90e-46a0-906f-ab43a474b97e","shortName":"V10","thingPreference":null},{"classKind":"ParameterTypeComponent","excludedDomain":[],"excludedPerson":[],"iid":"79bd9189-df8c-4321-94da-637f6f14b3e0","modifiedOn":"2025-01-22T10:55:04.731Z","parameterType":"651e1875-9236-4bd2-b3a7-fd89797ebdd8","revisionNumber":447,"scale":"04069206-212c-46a1-b405-7d8bd2d6b0d2","shortName":"V24","thingPreference":null},{"classKind":"ParameterTypeComponent","excludedDomain":[],"excludedPerson":[],"iid":"79caa1c1-848b-4f8d-b958-2dd447ab3014","modifiedOn":"2025-01-22T10:53:38.006Z","parameterType":"651e1875-9236-4bd2-b3a7-fd89797ebdd8","revisionNumber":444,"scale":"04069206-212c-46a1-b405-7d8bd2d6b0d2","shortName":"V22","thingPreference":null},{"classKind":"ParameterTypeComponent","excludedDomain":[],"excludedPerson":[],"iid":"7b59466d-8e53-46a6-8c3e-1281b160bcf2","modifiedOn":"2025-01-22T10:56:25.530Z","parameterType":"62960646-dafd-4476-9560-4ca0f12d8a13","revisionNumber":450,"scale":"afa67752-f90e-46a0-906f-ab43a474b97e","shortName":"V14","thingPreference":null},{"classKind":"ParameterTypeComponent","excludedDomain":[],"excludedPerson":[],"iid":"7b99e2d3-a5fd-42f2-8b52-c214085df7f0","modifiedOn":"2025-01-22T10:54:07.714Z","parameterType":"651e1875-9236-4bd2-b3a7-fd89797ebdd8","revisionNumber":445,"scale":"04069206-212c-46a1-b405-7d8bd2d6b0d2","shortName":"V18","thingPreference":null},{"classKind":"ParameterTypeComponent","excludedDomain":[],"excludedPerson":[],"iid":"7c8bec7c-d198-46a4-9405-629bf809df57","modifiedOn":"2025-01-22T10:56:25.530Z","parameterType":"62960646-dafd-4476-9560-4ca0f12d8a13","revisionNumber":450,"scale":"afa67752-f90e-46a0-906f-ab43a474b97e","shortName":"V25","thingPreference":null},{"classKind":"ParameterTypeComponent","excludedDomain":[],"excludedPerson":[],"iid":"7ce597d5-195a-44ec-b69d-aa32be1e79fd","modifiedOn":"2025-01-22T10:55:54.046Z","parameterType":"62960646-dafd-4476-9560-4ca0f12d8a13","revisionNumber":449,"scale":"afa67752-f90e-46a0-906f-ab43a474b97e","shortName":"V5","thingPreference":null},{"classKind":"ParameterTypeComponent","excludedDomain":[],"excludedPerson":[],"iid":"7e27c750-434f-402d-a49c-c010e2835747","modifiedOn":"2025-01-22T10:56:54.243Z","parameterType":"62960646-dafd-4476-9560-4ca0f12d8a13","revisionNumber":451,"scale":"afa67752-f90e-46a0-906f-ab43a474b97e","shortName":"V14","thingPreference":null},{"classKind":"ParameterTypeComponent","excludedDomain":[],"excludedPerson":[],"iid":"7ea4f7a7-525a-4964-a70b-4d97df60fa44","modifiedOn":"2025-01-22T10:56:54.243Z","parameterType":"62960646-dafd-4476-9560-4ca0f12d8a13","revisionNumber":451,"scale":"afa67752-f90e-46a0-906f-ab43a474b97e","shortName":"V7","thingPreference":null},{"classKind":"ParameterTypeComponent","excludedDomain":[],"excludedPerson":[],"iid":"7f4378de-0110-439a-9a6b-6f5e3c1e37d0","modifiedOn":"2025-01-22T10:55:54.046Z","parameterType":"62960646-dafd-4476-9560-4ca0f12d8a13","revisionNumber":449,"scale":"afa67752-f90e-46a0-906f-ab43a474b97e","shortName":"V23","thingPreference":null},{"alias":[],"category":[],"classKind":"SpecializedQuantityKind","defaultScale":"3d5bddb6-640f-4d79-9c35-64a554946884","definition":[],"excludedDomain":[],"excludedPerson":[],"general":"9f40b69a-6388-4f28-8407-7b1f06a06a18","hyperLink":[],"iid":"80e07973-c0a1-48ff-bb04-3e12e9f5c764","isDeprecated":false,"modifiedOn":"2025-01-20T13:29:53.977Z","name":"GM transverse","possibleScale":[],"quantityDimensionSymbol":"GMt","revisionNumber":408,"shortName":"GMt","symbol":"GMt","thingPreference":null},{"classKind":"ParameterTypeComponent","excludedDomain":[],"excludedPerson":[],"iid":"82a6453f-7605-48e1-84ce-3a887ebe7de7","modifiedOn":"2025-01-22T10:56:54.243Z","parameterType":"62960646-dafd-4476-9560-4ca0f12d8a13","revisionNumber":451,"scale":"afa67752-f90e-46a0-906f-ab43a474b97e","shortName":"V12","thingPreference":null},{"classKind":"ParameterTypeComponent","excludedDomain":[],"excludedPerson":[],"iid":"82d986b4-c88f-4575-b852-241974ad6c27","modifiedOn":"2025-01-22T10:54:39.667Z","parameterType":"651e1875-9236-4bd2-b3a7-fd89797ebdd8","revisionNumber":446,"scale":"04069206-212c-46a1-b405-7d8bd2d6b0d2","shortName":"V6","thingPreference":null},{"alias":[],"category":[],"classKind":"SpecializedQuantityKind","defaultScale":"d34ed55a-6583-4e21-a845-630ce88a0cb9","definition":[],"excludedDomain":[],"excludedPerson":[],"general":"8eaff2a2-d66b-4bc1-8b5f-688927ef2d0b","hyperLink":[],"iid":"841f8505-e855-4159-831f-3f81985a39ae","isDeprecated":false,"modifiedOn":"2025-01-20T13:30:55.024Z","name":"Trim","possibleScale":[],"quantityDimensionSymbol":"t","revisionNumber":409,"shortName":"trim","symbol":"t","thingPreference":null},{"classKind":"ParameterTypeComponent","excludedDomain":[],"excludedPerson":[],"iid":"848535d0-d762-457f-99a6-d548c94e6908","modifiedOn":"2025-01-22T10:55:54.046Z","parameterType":"62960646-dafd-4476-9560-4ca0f12d8a13","revisionNumber":449,"scale":"afa67752-f90e-46a0-906f-ab43a474b97e","shortName":"V9","thingPreference":null},{"classKind":"ParameterTypeComponent","excludedDomain":[],"excludedPerson":[],"iid":"84c8d895-f3c7-4508-b16f-7c975f1b0616","modifiedOn":"2025-01-22T10:53:38.006Z","parameterType":"651e1875-9236-4bd2-b3a7-fd89797ebdd8","revisionNumber":444,"scale":"04069206-212c-46a1-b405-7d8bd2d6b0d2","shortName":"V6","thingPreference":null},{"classKind":"ParameterTypeComponent","excludedDomain":[],"excludedPerson":[],"iid":"85ec77b3-6e14-4a56-933f-28ba290d228b","modifiedOn":"2025-01-22T10:53:38.006Z","parameterType":"651e1875-9236-4bd2-b3a7-fd89797ebdd8","revisionNumber":444,"scale":"04069206-212c-46a1-b405-7d8bd2d6b0d2","shortName":"V16","thingPreference":null},{"alias":[],"category":[],"classKind":"ArrayParameterType","component":[{"k":-13048754,"v":"9e5237f1-92b8-4096-9478-bae896e0a5fe"},{"k":70833760,"v":"94d086be-4a06-472d-9b81-aa74339e5f89"},{"k":174810491,"v":"1e7a0b92-ca8d-449f-a112-4040a481ad87"},{"k":291277611,"v":"53fdd9bb-0fac-4138-a1ea-e282c46f51ac"},{"k":411148598,"v":"496f96dc-1a38-44ad-8896-219b47b458d0"},{"k":522340215,"v":"2263921b-2c7f-4708-bc86-95c2669fea2d"},{"k":635349350,"v":"08e2e319-70b3-424d-9b54-4240d34cbdcb"},{"k":755307683,"v":"4a9f2022-e3bd-4c53-ae72-0f56c71582a4"},{"k":859218786,"v":"fbb1fdf7-3afe-49ce-81a8-1b2645c52251"},{"k":955743136,"v":"f8d6a74e-4d8c-43b0-a647-4377f335dd1a"},{"k":1053608401,"v":"ab224a4c-76d1-4596-a1e9-d87fec366ad8"},{"k":1135028705,"v":"9d9e4653-c2c1-47c5-a2b8-a19de9842a72"},{"k":1248146478,"v":"330e0eef-7d75-4d0e-96fb-609ea8da7f76"},{"k":1361426883,"v":"61cef7a3-4e20-422b-886b-17164b0186f2"},{"k":1460801180,"v":"3d7f9292-44a1-4f63-a530-e6fa3b5ba0db"},{"k":1551008062,"v":"07be78dc-855f-4853-9d02-0a8ff15556d4"},{"k":1649547697,"v":"c36a2dda-6a94-422d-812b-04b4d4acf147"},{"k":1757124887,"v":"7b99e2d3-a5fd-42f2-8b52-c214085df7f0"},{"k":1857620284,"v":"ef8de481-b671-4e63-8b62-2f0cc230fb9d"},{"k":1939505399,"v":"9e8900cf-8f54-46d1-a8f8-de79dd36a0ac"},{"k":2047386225,"v":"3c06675d-f21d-449a-b1de-7ba1915f9f06"},{"k":2129124149,"v":"f91acf7b-99c9-42cf-9ff6-4a6729230852"},{"k":2212776968,"v":"ae9c5240-48e0-44c4-b480-84f207000778"},{"k":2320040224,"v":"762ecfa6-0955-4263-8c46-a72a4491c7cb"},{"k":2402131963,"v":"ff220ce7-47cd-4360-ba02-b45a7901ace8"},{"k":2493083421,"v":"ddacd8a9-7cc2-429e-b514-21736710863b"},{"k":2602931246,"v":"ec59ee7f-7201-46b9-a336-cc792bd9095f"},{"k":2686198942,"v":"5a0bc68c-4f8f-4276-969f-02b00abda536"},{"k":2779209097,"v":"efd5ce95-78cf-4101-99c6-2e21dd609c86"},{"k":2893021332,"v":"1e599323-77b4-49f3-b89c-c52d3b5b41cf"}],"definition":[],"dimension":[{"k":-9821385,"v":30},{"k":98766320,"v":1}],"excludedDomain":[],"excludedPerson":[],"hyperLink":[],"iid":"8861376a-5b73-43b8-ab26-f448c80d7bb6","isDeprecated":false,"isFinalized":false,"isTensor":false,"modifiedOn":"2025-01-22T11:03:07.837Z","name":"Velocity[kn] over Power[kW] at SS3","revisionNumber":453,"shortName":"VP_SS3","symbol":"VP_SS3","thingPreference":null},{"classKind":"ParameterTypeComponent","excludedDomain":[],"excludedPerson":[],"iid":"8ac8feca-bd5c-465e-9e16-b99f95093388","modifiedOn":"2025-01-22T10:55:54.046Z","parameterType":"62960646-dafd-4476-9560-4ca0f12d8a13","revisionNumber":449,"scale":"afa67752-f90e-46a0-906f-ab43a474b97e","shortName":"V11","thingPreference":null},{"classKind":"ParameterTypeComponent","excludedDomain":[],"excludedPerson":[],"iid":"8b4be6ba-5edb-4fc7-aa07-e4171082073d","modifiedOn":"2025-01-22T10:53:38.006Z","parameterType":"651e1875-9236-4bd2-b3a7-fd89797ebdd8","revisionNumber":444,"scale":"04069206-212c-46a1-b405-7d8bd2d6b0d2","shortName":"V25","thingPreference":null},{"classKind":"ParameterTypeComponent","excludedDomain":[],"excludedPerson":[],"iid":"8d056858-cecd-435b-bc7d-9840ebabb7f0","modifiedOn":"2025-01-22T10:56:54.243Z","parameterType":"62960646-dafd-4476-9560-4ca0f12d8a13","revisionNumber":451,"scale":"afa67752-f90e-46a0-906f-ab43a474b97e","shortName":"V1","thingPreference":null},{"classKind":"ParameterTypeComponent","excludedDomain":[],"excludedPerson":[],"iid":"9022179a-1224-4fcf-aca2-ba7e02aa7f7e","modifiedOn":"2025-01-22T10:55:54.046Z","parameterType":"62960646-dafd-4476-9560-4ca0f12d8a13","revisionNumber":449,"scale":"afa67752-f90e-46a0-906f-ab43a474b97e","shortName":"V2","thingPreference":null},{"classKind":"ParameterTypeComponent","excludedDomain":[],"excludedPerson":[],"iid":"90f43d90-d6b7-4fa1-9050-f2216d77c1f9","modifiedOn":"2025-01-22T10:54:39.667Z","parameterType":"651e1875-9236-4bd2-b3a7-fd89797ebdd8","revisionNumber":446,"scale":"04069206-212c-46a1-b405-7d8bd2d6b0d2","shortName":"V9","thingPreference":null},{"alias":[],"category":[],"classKind":"SpecializedQuantityKind","defaultScale":"3d5bddb6-640f-4d79-9c35-64a554946884","definition":[],"excludedDomain":[],"excludedPerson":[],"general":"e2920a40-425f-4205-b505-b42b75ba0a4c","hyperLink":[],"iid":"930f7e34-aa87-49a3-baaa-37103d5b45cd","isDeprecated":false,"modifiedOn":"2025-01-20T11:42:16.989Z","name":"vertical buoancy position","possibleScale":[],"quantityDimensionSymbol":"KB","revisionNumber":401,"shortName":"KB","symbol":"KB","thingPreference":null},{"classKind":"ParameterTypeComponent","excludedDomain":[],"excludedPerson":[],"iid":"93c01d4d-1a80-447e-bf00-174cb21c4dee","modifiedOn":"2025-01-22T10:53:38.006Z","parameterType":"651e1875-9236-4bd2-b3a7-fd89797ebdd8","revisionNumber":444,"scale":"04069206-212c-46a1-b405-7d8bd2d6b0d2","shortName":"V19","thingPreference":null},{"classKind":"ParameterTypeComponent","excludedDomain":[],"excludedPerson":[],"iid":"94d086be-4a06-472d-9b81-aa74339e5f89","modifiedOn":"2025-01-22T10:54:07.714Z","parameterType":"651e1875-9236-4bd2-b3a7-fd89797ebdd8","revisionNumber":445,"scale":"04069206-212c-46a1-b405-7d8bd2d6b0d2","shortName":"V2","thingPreference":null},{"alias":[],"category":[],"classKind":"ArrayParameterType","component":[{"k":-19565434,"v":"b6bdd082-ffc9-4503-8214-22159209febd"},{"k":79559374,"v":"9022179a-1224-4fcf-aca2-ba7e02aa7f7e"},{"k":173087542,"v":"20844505-71a9-407c-9b59-379cdb7105dd"},{"k":275340418,"v":"2f386f4f-d9fb-49b1-961d-f210aff64292"},{"k":363206899,"v":"7ce597d5-195a-44ec-b69d-aa32be1e79fd"},{"k":447684287,"v":"ea5d5045-a20f-4635-b297-5ab6b4ba366e"},{"k":553370666,"v":"a7cd9743-75b6-4aef-8f0e-50cf92aa25a3"},{"k":660251429,"v":"d5c6990c-1834-4b17-9de8-e4e1e16e01a6"},{"k":742513783,"v":"848535d0-d762-457f-99a6-d548c94e6908"},{"k":829886945,"v":"79bc59a0-ac8c-4d83-9134-e79a1ac8f8ff"},{"k":932069275,"v":"8ac8feca-bd5c-465e-9e16-b99f95093388"},{"k":1015168832,"v":"eeab88cb-c231-4ab2-a699-4668771c998c"},{"k":1099383908,"v":"0ab86d90-07db-4865-a6ae-db191ac5f92f"},{"k":1199810480,"v":"248ae1dc-9e4f-40d6-b3dc-d15e4ef69c06"},{"k":1317184150,"v":"c7c39fdf-65d7-4632-84f6-a183bd3387a7"},{"k":1417627994,"v":"0b5c331b-ea25-4aab-966f-e030f79a6273"},{"k":1516713784,"v":"f9002d58-fa09-49cf-aa61-98d3a5603205"},{"k":1628457561,"v":"76e40af6-cf44-4e14-9c75-8a809466d961"},{"k":1733662564,"v":"7568eab9-87fb-436d-a030-67e692695ba8"},{"k":1851605380,"v":"53dbf88c-109a-4113-abcd-08f1f68d384a"},{"k":1943889797,"v":"fdd90905-23c8-46a8-88e0-a1e18ee363ac"},{"k":2026219489,"v":"c20445f9-58a7-4270-aef7-f22399715ca5"},{"k":2134557527,"v":"7f4378de-0110-439a-9a6b-6f5e3c1e37d0"},{"k":2247223908,"v":"1337943f-0806-4b68-953f-180181f19295"},{"k":2346174189,"v":"f8f267a0-fc58-4872-b8ac-e25a264ad791"},{"k":2457939980,"v":"a5d768c4-6d9a-4d11-98a3-4c7bf9a08d9d"},{"k":2572078612,"v":"a21051a6-45ee-4514-babc-bba41af8edbd"},{"k":2653209119,"v":"bac3b071-8683-435c-a5a0-ce338dc4d946"},{"k":2744233599,"v":"f7c330b1-8ec7-490b-8c18-e6e27ffed246"},{"k":2841356117,"v":"5f9a0c45-d6cc-4d04-a0b4-6211fd42a764"}],"definition":[],"dimension":[{"k":-18376598,"v":30},{"k":94523748,"v":1}],"excludedDomain":[],"excludedPerson":[],"hyperLink":[],"iid":"96e48f87-7884-4a4e-a090-c8808dcb382b","isDeprecated":false,"isFinalized":false,"isTensor":false,"modifiedOn":"2025-01-22T11:04:13.931Z","name":"Velocity[kn] over Resistance[kN] at SS3","revisionNumber":457,"shortName":"VR_SS3","symbol":"VR_SS3","thingPreference":null},{"alias":[],"category":[],"classKind":"SpecializedQuantityKind","defaultScale":"3d5bddb6-640f-4d79-9c35-64a554946884","definition":[],"excludedDomain":[],"excludedPerson":[],"general":"90bff017-ef05-4d2e-a4d6-5d3c2d29ea05","hyperLink":[],"iid":"98c92286-b338-4a7f-a460-43632cd04f1e","isDeprecated":false,"modifiedOn":"2025-01-20T13:28:23.897Z","name":"GM long","possibleScale":[],"quantityDimensionSymbol":"GMl","revisionNumber":407,"shortName":"GMl","symbol":"GMl","thingPreference":null},{"classKind":"ParameterTypeComponent","excludedDomain":[],"excludedPerson":[],"iid":"9bf865b6-04dc-4cbf-9f03-cc863d833306","modifiedOn":"2025-01-22T10:54:39.667Z","parameterType":"651e1875-9236-4bd2-b3a7-fd89797ebdd8","revisionNumber":446,"scale":"04069206-212c-46a1-b405-7d8bd2d6b0d2","shortName":"V15","thingPreference":null},{"classKind":"ParameterTypeComponent","excludedDomain":[],"excludedPerson":[],"iid":"9d9e4653-c2c1-47c5-a2b8-a19de9842a72","modifiedOn":"2025-01-22T10:54:07.714Z","parameterType":"651e1875-9236-4bd2-b3a7-fd89797ebdd8","revisionNumber":445,"scale":"04069206-212c-46a1-b405-7d8bd2d6b0d2","shortName":"V12","thingPreference":null},{"classKind":"ParameterTypeComponent","excludedDomain":[],"excludedPerson":[],"iid":"9e5237f1-92b8-4096-9478-bae896e0a5fe","modifiedOn":"2025-01-22T10:54:07.714Z","parameterType":"651e1875-9236-4bd2-b3a7-fd89797ebdd8","revisionNumber":445,"scale":"04069206-212c-46a1-b405-7d8bd2d6b0d2","shortName":"V1","thingPreference":null},{"classKind":"ParameterTypeComponent","excludedDomain":[],"excludedPerson":[],"iid":"9e8900cf-8f54-46d1-a8f8-de79dd36a0ac","modifiedOn":"2025-01-22T10:54:07.714Z","parameterType":"651e1875-9236-4bd2-b3a7-fd89797ebdd8","revisionNumber":445,"scale":"04069206-212c-46a1-b405-7d8bd2d6b0d2","shortName":"V20","thingPreference":null},{"classKind":"ParameterTypeComponent","excludedDomain":[],"excludedPerson":[],"iid":"9f556f26-066c-40b4-8527-72963c22710c","modifiedOn":"2025-01-22T10:54:39.667Z","parameterType":"651e1875-9236-4bd2-b3a7-fd89797ebdd8","revisionNumber":446,"scale":"04069206-212c-46a1-b405-7d8bd2d6b0d2","shortName":"V18","thingPreference":null},{"classKind":"ParameterTypeComponent","excludedDomain":[],"excludedPerson":[],"iid":"9fd70194-b883-4e4d-90ee-33239df831b3","modifiedOn":"2025-01-22T10:56:25.530Z","parameterType":"62960646-dafd-4476-9560-4ca0f12d8a13","revisionNumber":450,"scale":"afa67752-f90e-46a0-906f-ab43a474b97e","shortName":"V7","thingPreference":null},{"classKind":"ParameterTypeComponent","excludedDomain":[],"excludedPerson":[],"iid":"a21051a6-45ee-4514-babc-bba41af8edbd","modifiedOn":"2025-01-22T10:55:54.046Z","parameterType":"62960646-dafd-4476-9560-4ca0f12d8a13","revisionNumber":449,"scale":"afa67752-f90e-46a0-906f-ab43a474b97e","shortName":"V27","thingPreference":null},{"classKind":"ParameterTypeComponent","excludedDomain":[],"excludedPerson":[],"iid":"a27be2b4-9f4d-41d9-b63f-de26bab537e2","modifiedOn":"2025-01-22T10:56:54.243Z","parameterType":"62960646-dafd-4476-9560-4ca0f12d8a13","revisionNumber":451,"scale":"afa67752-f90e-46a0-906f-ab43a474b97e","shortName":"V24","thingPreference":null},{"classKind":"ParameterTypeComponent","excludedDomain":[],"excludedPerson":[],"iid":"a30762bd-a1cb-40ef-963b-5101a95a53a5","modifiedOn":"2025-01-22T10:56:25.530Z","parameterType":"62960646-dafd-4476-9560-4ca0f12d8a13","revisionNumber":450,"scale":"afa67752-f90e-46a0-906f-ab43a474b97e","shortName":"V29","thingPreference":null},{"classKind":"ParameterTypeComponent","excludedDomain":[],"excludedPerson":[],"iid":"a365da37-4cc4-483f-8dd9-1e969e535585","modifiedOn":"2025-01-22T10:56:25.530Z","parameterType":"62960646-dafd-4476-9560-4ca0f12d8a13","revisionNumber":450,"scale":"afa67752-f90e-46a0-906f-ab43a474b97e","shortName":"V3","thingPreference":null},{"classKind":"ParameterTypeComponent","excludedDomain":[],"excludedPerson":[],"iid":"a4d51b75-7050-40e3-8f14-454eac2dbf30","modifiedOn":"2025-01-22T10:56:54.243Z","parameterType":"62960646-dafd-4476-9560-4ca0f12d8a13","revisionNumber":451,"scale":"afa67752-f90e-46a0-906f-ab43a474b97e","shortName":"V29","thingPreference":null},{"classKind":"ParameterTypeComponent","excludedDomain":[],"excludedPerson":[],"iid":"a5d768c4-6d9a-4d11-98a3-4c7bf9a08d9d","modifiedOn":"2025-01-22T10:55:54.046Z","parameterType":"62960646-dafd-4476-9560-4ca0f12d8a13","revisionNumber":449,"scale":"afa67752-f90e-46a0-906f-ab43a474b97e","shortName":"V26","thingPreference":null},{"classKind":"ParameterTypeComponent","excludedDomain":[],"excludedPerson":[],"iid":"a70c3456-f87e-41da-ba1c-89aa8c3b4ecc","modifiedOn":"2025-01-22T10:56:54.243Z","parameterType":"62960646-dafd-4476-9560-4ca0f12d8a13","revisionNumber":451,"scale":"afa67752-f90e-46a0-906f-ab43a474b97e","shortName":"V30","thingPreference":null},{"classKind":"ParameterTypeComponent","excludedDomain":[],"excludedPerson":[],"iid":"a7cd9743-75b6-4aef-8f0e-50cf92aa25a3","modifiedOn":"2025-01-22T10:55:54.046Z","parameterType":"62960646-dafd-4476-9560-4ca0f12d8a13","revisionNumber":449,"scale":"afa67752-f90e-46a0-906f-ab43a474b97e","shortName":"V7","thingPreference":null},{"classKind":"ParameterTypeComponent","excludedDomain":[],"excludedPerson":[],"iid":"a96344b3-5fc6-4d4e-a381-d057c38b95c0","modifiedOn":"2025-01-22T10:55:04.731Z","parameterType":"651e1875-9236-4bd2-b3a7-fd89797ebdd8","revisionNumber":447,"scale":"04069206-212c-46a1-b405-7d8bd2d6b0d2","shortName":"V5","thingPreference":null},{"classKind":"ParameterTypeComponent","excludedDomain":[],"excludedPerson":[],"iid":"ab224a4c-76d1-4596-a1e9-d87fec366ad8","modifiedOn":"2025-01-22T10:54:07.714Z","parameterType":"651e1875-9236-4bd2-b3a7-fd89797ebdd8","revisionNumber":445,"scale":"04069206-212c-46a1-b405-7d8bd2d6b0d2","shortName":"V11","thingPreference":null},{"alias":[],"category":[],"classKind":"ArrayParameterType","component":[{"k":-13375396,"v":"aea935b7-979f-4f5d-b356-ec3226c8e97b"},{"k":101709462,"v":"eda68534-6ecb-4d29-8563-32d7c8e37f26"},{"k":220111108,"v":"a365da37-4cc4-483f-8dd9-1e969e535585"},{"k":308958170,"v":"10b532ff-c710-4a9c-b5fe-64e50df190bc"},{"k":398538628,"v":"42baaf96-80ae-4d4d-bf2d-95b486c83edb"},{"k":514385613,"v":"1f9a6e1c-de3c-4814-9b57-1433fa98dd76"},{"k":628975707,"v":"9fd70194-b883-4e4d-90ee-33239df831b3"},{"k":718487725,"v":"22aa8258-5f58-4524-bb38-fa8518c6119d"},{"k":802186870,"v":"16f5525a-0f40-4f20-af6b-d05cb7e9d209"},{"k":918600613,"v":"406b164a-0253-4469-8a43-c110573247be"},{"k":1016416099,"v":"0bd7b866-6340-4572-9ad1-36e3b8a578e1"},{"k":1102066169,"v":"03c6260a-55b7-4766-9910-b705a6193c95"},{"k":1205444955,"v":"5d2f0483-fd53-4464-889d-f644c63ccc68"},{"k":1299046441,"v":"7b59466d-8e53-46a6-8c3e-1281b160bcf2"},{"k":1380643111,"v":"1933889b-d60f-4be6-86df-45870e9ff281"},{"k":1491385124,"v":"b5805a0f-6e15-43e3-905c-731112a5ac04"},{"k":1586545502,"v":"ecf80155-fb39-4686-8ba4-c8d5cf943906"},{"k":1680595337,"v":"dc0fa8e6-de36-4d32-aedd-462d744282fd"},{"k":1793738906,"v":"f198d73a-6880-4f79-8a36-4f0935480d58"},{"k":1882351569,"v":"6dad94f8-f4f9-4f52-957a-51b055942b23"},{"k":1977401662,"v":"bdb1c27f-a3dd-4693-ab6d-cda17bb5f654"},{"k":2087750647,"v":"6a476bd5-d2ca-445f-9395-ff317a2a7950"},{"k":2168081446,"v":"cdf4b8cb-6f2a-4de2-bd37-8d20ebe1d85d"},{"k":2270944154,"v":"6b4a8173-a95e-4558-b59b-667bb4486a70"},{"k":2361894681,"v":"7c8bec7c-d198-46a4-9405-629bf809df57"},{"k":2466358365,"v":"344c342d-846d-4b89-8f67-86f19a82d3ca"},{"k":2553072823,"v":"418a5432-c0e0-43a8-96d7-166b0f40dfd0"},{"k":2639185803,"v":"2a37512b-3f90-4ed4-ba0c-0e28eded90e9"},{"k":2739770809,"v":"a30762bd-a1cb-40ef-963b-5101a95a53a5"},{"k":2848805097,"v":"0670b52e-e4f4-41fd-ae93-72fad779f289"}],"definition":[],"dimension":[{"k":-1948900,"v":30},{"k":94123473,"v":1}],"excludedDomain":[],"excludedPerson":[],"hyperLink":[],"iid":"adca8024-f5c6-48c6-823b-68c49f18120b","isDeprecated":false,"isFinalized":false,"isTensor":false,"modifiedOn":"2025-01-22T11:04:30.010Z","name":"Velocity[kn] over Resistance[kN] at SS4","revisionNumber":458,"shortName":"VR_SS4","symbol":"VR_SS4","thingPreference":null},{"classKind":"ParameterTypeComponent","excludedDomain":[],"excludedPerson":[],"iid":"ade786a7-d2bf-44da-9fa2-255ca6b366e2","modifiedOn":"2025-01-22T10:56:54.243Z","parameterType":"62960646-dafd-4476-9560-4ca0f12d8a13","revisionNumber":451,"scale":"afa67752-f90e-46a0-906f-ab43a474b97e","shortName":"V9","thingPreference":null},{"classKind":"ParameterTypeComponent","excludedDomain":[],"excludedPerson":[],"iid":"ae1cd801-a8a2-46a4-83be-fabab2f1eab4","modifiedOn":"2025-01-22T10:55:04.731Z","parameterType":"651e1875-9236-4bd2-b3a7-fd89797ebdd8","revisionNumber":447,"scale":"04069206-212c-46a1-b405-7d8bd2d6b0d2","shortName":"V25","thingPreference":null},{"classKind":"ParameterTypeComponent","excludedDomain":[],"excludedPerson":[],"iid":"ae9c5240-48e0-44c4-b480-84f207000778","modifiedOn":"2025-01-22T10:54:07.714Z","parameterType":"651e1875-9236-4bd2-b3a7-fd89797ebdd8","revisionNumber":445,"scale":"04069206-212c-46a1-b405-7d8bd2d6b0d2","shortName":"V23","thingPreference":null},{"classKind":"ParameterTypeComponent","excludedDomain":[],"excludedPerson":[],"iid":"aea935b7-979f-4f5d-b356-ec3226c8e97b","modifiedOn":"2025-01-22T10:56:25.530Z","parameterType":"62960646-dafd-4476-9560-4ca0f12d8a13","revisionNumber":450,"scale":"afa67752-f90e-46a0-906f-ab43a474b97e","shortName":"V1","thingPreference":null},{"classKind":"ParameterTypeComponent","excludedDomain":[],"excludedPerson":[],"iid":"b0218ac9-c994-4ef5-a0e6-9382b60c17c5","modifiedOn":"2025-01-22T10:55:04.731Z","parameterType":"651e1875-9236-4bd2-b3a7-fd89797ebdd8","revisionNumber":447,"scale":"04069206-212c-46a1-b405-7d8bd2d6b0d2","shortName":"V2","thingPreference":null},{"classKind":"ParameterTypeComponent","excludedDomain":[],"excludedPerson":[],"iid":"b0b1dbac-f264-453a-a4f2-513643c00e3b","modifiedOn":"2025-01-22T10:55:04.731Z","parameterType":"651e1875-9236-4bd2-b3a7-fd89797ebdd8","revisionNumber":447,"scale":"04069206-212c-46a1-b405-7d8bd2d6b0d2","shortName":"V8","thingPreference":null},{"classKind":"ParameterTypeComponent","excludedDomain":[],"excludedPerson":[],"iid":"b25f4f81-1ef5-4e30-b5f6-c5ede5f86065","modifiedOn":"2025-01-22T10:55:04.731Z","parameterType":"651e1875-9236-4bd2-b3a7-fd89797ebdd8","revisionNumber":447,"scale":"04069206-212c-46a1-b405-7d8bd2d6b0d2","shortName":"V28","thingPreference":null},{"classKind":"ParameterTypeComponent","excludedDomain":[],"excludedPerson":[],"iid":"b3d28c5b-870b-4fbb-9eec-c06f116b437f","modifiedOn":"2025-01-22T10:55:04.731Z","parameterType":"651e1875-9236-4bd2-b3a7-fd89797ebdd8","revisionNumber":447,"scale":"04069206-212c-46a1-b405-7d8bd2d6b0d2","shortName":"V9","thingPreference":null},{"classKind":"ParameterTypeComponent","excludedDomain":[],"excludedPerson":[],"iid":"b5197c1c-436e-42ec-a3e4-62a9ccecae3c","modifiedOn":"2025-01-22T10:54:39.667Z","parameterType":"651e1875-9236-4bd2-b3a7-fd89797ebdd8","revisionNumber":446,"scale":"04069206-212c-46a1-b405-7d8bd2d6b0d2","shortName":"V8","thingPreference":null},{"classKind":"ParameterTypeComponent","excludedDomain":[],"excludedPerson":[],"iid":"b5805a0f-6e15-43e3-905c-731112a5ac04","modifiedOn":"2025-01-22T10:56:25.530Z","parameterType":"62960646-dafd-4476-9560-4ca0f12d8a13","revisionNumber":450,"scale":"afa67752-f90e-46a0-906f-ab43a474b97e","shortName":"V16","thingPreference":null},{"classKind":"ParameterTypeComponent","excludedDomain":[],"excludedPerson":[],"iid":"b6457a0f-d776-4f3e-ad57-ca61bb4621f2","modifiedOn":"2025-01-22T10:54:39.667Z","parameterType":"651e1875-9236-4bd2-b3a7-fd89797ebdd8","revisionNumber":446,"scale":"04069206-212c-46a1-b405-7d8bd2d6b0d2","shortName":"VV13","thingPreference":null},{"classKind":"ParameterTypeComponent","excludedDomain":[],"excludedPerson":[],"iid":"b6bdd082-ffc9-4503-8214-22159209febd","modifiedOn":"2025-01-22T10:55:54.046Z","parameterType":"62960646-dafd-4476-9560-4ca0f12d8a13","revisionNumber":449,"scale":"afa67752-f90e-46a0-906f-ab43a474b97e","shortName":"V1","thingPreference":null},{"classKind":"ParameterTypeComponent","excludedDomain":[],"excludedPerson":[],"iid":"b888adc6-12e8-4c5f-86d7-21b964a2713d","modifiedOn":"2025-01-22T10:56:54.243Z","parameterType":"62960646-dafd-4476-9560-4ca0f12d8a13","revisionNumber":451,"scale":"afa67752-f90e-46a0-906f-ab43a474b97e","shortName":"V16","thingPreference":null},{"classKind":"ParameterTypeComponent","excludedDomain":[],"excludedPerson":[],"iid":"bac3b071-8683-435c-a5a0-ce338dc4d946","modifiedOn":"2025-01-22T10:55:54.046Z","parameterType":"62960646-dafd-4476-9560-4ca0f12d8a13","revisionNumber":449,"scale":"afa67752-f90e-46a0-906f-ab43a474b97e","shortName":"V28","thingPreference":null},{"alias":[],"category":[],"classKind":"ArrayParameterType","component":[{"k":-6480506,"v":"03ecba1f-32de-4bf1-900e-b009109e8cd6"},{"k":103690278,"v":"bd817746-6ec7-45cf-9930-7235b0e24706"},{"k":194473823,"v":"273917e0-ea98-4cb8-88f3-a6478e767a94"},{"k":276001849,"v":"34ddd492-9c7d-42d4-abdc-7c1c095d0ae1"},{"k":370536402,"v":"4e58b79a-545f-49c1-9166-96e964bb12b9"},{"k":457955980,"v":"82d986b4-c88f-4575-b852-241974ad6c27"},{"k":575912853,"v":"15989f53-36fd-4ec6-b7d5-d9b1275afd76"},{"k":661025226,"v":"b5197c1c-436e-42ec-a3e4-62a9ccecae3c"},{"k":749231190,"v":"90f43d90-d6b7-4fa1-9050-f2216d77c1f9"},{"k":830782911,"v":"150273c5-7518-4f37-b59f-66a5ed7917ca"},{"k":913709495,"v":"dddbc3db-8536-4344-a29c-9b95afc648ed"},{"k":1019018433,"v":"efabc92c-6895-4c61-abae-ddd151e53e9b"},{"k":1103696333,"v":"b6457a0f-d776-4f3e-ad57-ca61bb4621f2"},{"k":1212341055,"v":"62716f65-fab1-48de-8ee4-8255fa043c38"},{"k":1293058971,"v":"9bf865b6-04dc-4cbf-9f03-cc863d833306"},{"k":1396481322,"v":"48f67a47-3f2f-4104-aaed-f3f8b0152d3c"},{"k":1482874964,"v":"4c42f091-a066-4739-b2ef-78f9c660e9ed"},{"k":1567054845,"v":"9f556f26-066c-40b4-8527-72963c22710c"},{"k":1683439531,"v":"72d1ddcc-cbb0-4b6b-aed3-5f849c650a97"},{"k":1788543235,"v":"727b5bd0-df57-416c-b01d-1f9d9fc05c03"},{"k":1895869902,"v":"ebee839b-2839-44b3-9282-3489fc3dc283"},{"k":1979562992,"v":"51621554-6cfb-459f-9eba-b066aa029c46"},{"k":2086996995,"v":"3ba099cd-f00d-4bba-ae6b-70d29c381de4"},{"k":2171611657,"v":"545e18b7-4e58-4ef5-9a7d-4f51bbd1ea87"},{"k":2268896750,"v":"1aa1057b-43f9-4e0c-be1a-de51b2019efd"},{"k":2367978350,"v":"72c6446a-c508-4617-b5df-8a653fb38f9e"},{"k":2462586382,"v":"6bf98502-92d3-4ba9-9a31-9c021f001cd0"},{"k":2578793580,"v":"3dfef241-fde3-427b-94b7-cdbcccbeb205"},{"k":2659653123,"v":"4a46cd92-c65c-4a8c-bf78-3a05936aa44a"},{"k":2778361707,"v":"bd97c963-f896-4d15-9717-cf7823985c8a"}],"definition":[],"dimension":[{"k":8795528,"v":30},{"k":99576440,"v":1}],"excludedDomain":[],"excludedPerson":[],"hyperLink":[],"iid":"bb999bc5-f1a4-40a8-99fb-5bf9da7724f3","isDeprecated":false,"isFinalized":false,"isTensor":false,"modifiedOn":"2025-01-22T11:03:22.894Z","name":"Velocity[kn] over Power[kW] at SS4","revisionNumber":454,"shortName":"VP_SS4","symbol":"VP_SS4","thingPreference":null},{"classKind":"ParameterTypeComponent","excludedDomain":[],"excludedPerson":[],"iid":"bc596e40-74a4-4872-ab56-10456a2641b9","modifiedOn":"2025-01-22T10:53:38.006Z","parameterType":"651e1875-9236-4bd2-b3a7-fd89797ebdd8","revisionNumber":444,"scale":"04069206-212c-46a1-b405-7d8bd2d6b0d2","shortName":"V5","thingPreference":null},{"classKind":"ParameterTypeComponent","excludedDomain":[],"excludedPerson":[],"iid":"bcf0897a-1152-4cbe-bfff-53a6fd3f72b7","modifiedOn":"2025-01-22T10:53:38.006Z","parameterType":"651e1875-9236-4bd2-b3a7-fd89797ebdd8","revisionNumber":444,"scale":"04069206-212c-46a1-b405-7d8bd2d6b0d2","shortName":"V20","thingPreference":null},{"classKind":"ParameterTypeComponent","excludedDomain":[],"excludedPerson":[],"iid":"bd817746-6ec7-45cf-9930-7235b0e24706","modifiedOn":"2025-01-22T10:54:39.667Z","parameterType":"651e1875-9236-4bd2-b3a7-fd89797ebdd8","revisionNumber":446,"scale":"04069206-212c-46a1-b405-7d8bd2d6b0d2","shortName":"V2","thingPreference":null},{"classKind":"ParameterTypeComponent","excludedDomain":[],"excludedPerson":[],"iid":"bd97c963-f896-4d15-9717-cf7823985c8a","modifiedOn":"2025-01-22T10:54:39.667Z","parameterType":"651e1875-9236-4bd2-b3a7-fd89797ebdd8","revisionNumber":446,"scale":"04069206-212c-46a1-b405-7d8bd2d6b0d2","shortName":"V30","thingPreference":null},{"classKind":"ParameterTypeComponent","excludedDomain":[],"excludedPerson":[],"iid":"bdb1c27f-a3dd-4693-ab6d-cda17bb5f654","modifiedOn":"2025-01-22T10:56:25.530Z","parameterType":"62960646-dafd-4476-9560-4ca0f12d8a13","revisionNumber":450,"scale":"afa67752-f90e-46a0-906f-ab43a474b97e","shortName":"V21","thingPreference":null},{"classKind":"ParameterTypeComponent","excludedDomain":[],"excludedPerson":[],"iid":"bfc456f7-932b-4a15-aa21-d1e0a7ada451","modifiedOn":"2025-01-22T10:56:54.243Z","parameterType":"62960646-dafd-4476-9560-4ca0f12d8a13","revisionNumber":451,"scale":"afa67752-f90e-46a0-906f-ab43a474b97e","shortName":"V26","thingPreference":null},{"classKind":"ParameterTypeComponent","excludedDomain":[],"excludedPerson":[],"iid":"c0241e03-f701-45b0-b182-fd9dbd8ec013","modifiedOn":"2025-01-22T10:56:54.243Z","parameterType":"62960646-dafd-4476-9560-4ca0f12d8a13","revisionNumber":451,"scale":"afa67752-f90e-46a0-906f-ab43a474b97e","shortName":"V20","thingPreference":null},{"classKind":"ParameterTypeComponent","excludedDomain":[],"excludedPerson":[],"iid":"c1b6a2b4-6656-4b25-8ea4-e2ea44eede00","modifiedOn":"2025-01-22T10:53:38.006Z","parameterType":"651e1875-9236-4bd2-b3a7-fd89797ebdd8","revisionNumber":444,"scale":"04069206-212c-46a1-b405-7d8bd2d6b0d2","shortName":"V2","thingPreference":null},{"classKind":"ParameterTypeComponent","excludedDomain":[],"excludedPerson":[],"iid":"c20445f9-58a7-4270-aef7-f22399715ca5","modifiedOn":"2025-01-22T10:55:54.046Z","parameterType":"62960646-dafd-4476-9560-4ca0f12d8a13","revisionNumber":449,"scale":"afa67752-f90e-46a0-906f-ab43a474b97e","shortName":"V22","thingPreference":null},{"classKind":"ParameterTypeComponent","excludedDomain":[],"excludedPerson":[],"iid":"c259a9f9-e202-4117-a98a-97d69ef71be6","modifiedOn":"2025-01-22T10:53:38.006Z","parameterType":"651e1875-9236-4bd2-b3a7-fd89797ebdd8","revisionNumber":444,"scale":"04069206-212c-46a1-b405-7d8bd2d6b0d2","shortName":"V23","thingPreference":null},{"classKind":"ParameterTypeComponent","excludedDomain":[],"excludedPerson":[],"iid":"c36a2dda-6a94-422d-812b-04b4d4acf147","modifiedOn":"2025-01-22T10:54:07.714Z","parameterType":"651e1875-9236-4bd2-b3a7-fd89797ebdd8","revisionNumber":445,"scale":"04069206-212c-46a1-b405-7d8bd2d6b0d2","shortName":"V17","thingPreference":null},{"alias":[],"category":[],"classKind":"SpecializedQuantityKind","defaultScale":"3d5bddb6-640f-4d79-9c35-64a554946884","definition":[],"excludedDomain":[],"excludedPerson":[],"general":"1109cb46-ceba-4d2d-9357-5096a85dba0f","hyperLink":[],"iid":"c5c77076-cce1-4bb0-befa-42674d28bae0","isDeprecated":false,"modifiedOn":"2025-01-20T11:38:47.809Z","name":"beam waterline","possibleScale":[],"quantityDimensionSymbol":"Bwl","revisionNumber":398,"shortName":"BWL","symbol":"Bwl","thingPreference":null},{"classKind":"ParameterTypeComponent","excludedDomain":[],"excludedPerson":[],"iid":"c5cbbfc8-1554-40be-a6be-26dc66af107c","modifiedOn":"2025-01-22T10:55:04.731Z","parameterType":"651e1875-9236-4bd2-b3a7-fd89797ebdd8","revisionNumber":447,"scale":"04069206-212c-46a1-b405-7d8bd2d6b0d2","shortName":"V1","thingPreference":null},{"classKind":"ParameterTypeComponent","excludedDomain":[],"excludedPerson":[],"iid":"c7c39fdf-65d7-4632-84f6-a183bd3387a7","modifiedOn":"2025-01-22T10:55:54.046Z","parameterType":"62960646-dafd-4476-9560-4ca0f12d8a13","revisionNumber":449,"scale":"afa67752-f90e-46a0-906f-ab43a474b97e","shortName":"V15","thingPreference":null},{"classKind":"ParameterTypeComponent","excludedDomain":[],"excludedPerson":[],"iid":"cab42da0-839e-46f1-941d-68c0e9d9ccc9","modifiedOn":"2025-01-22T10:56:54.243Z","parameterType":"62960646-dafd-4476-9560-4ca0f12d8a13","revisionNumber":451,"scale":"afa67752-f90e-46a0-906f-ab43a474b97e","shortName":"V22","thingPreference":null},{"classKind":"ParameterTypeComponent","excludedDomain":[],"excludedPerson":[],"iid":"cb4943a6-8ac5-441c-beef-bd5c0f73c2f3","modifiedOn":"2025-01-22T10:56:54.243Z","parameterType":"62960646-dafd-4476-9560-4ca0f12d8a13","revisionNumber":451,"scale":"afa67752-f90e-46a0-906f-ab43a474b97e","shortName":"V2","thingPreference":null},{"classKind":"ParameterTypeComponent","excludedDomain":[],"excludedPerson":[],"iid":"cb86fb7a-ddc8-449d-b47a-454c6adbec19","modifiedOn":"2025-01-22T10:55:04.731Z","parameterType":"651e1875-9236-4bd2-b3a7-fd89797ebdd8","revisionNumber":447,"scale":"04069206-212c-46a1-b405-7d8bd2d6b0d2","shortName":"V6","thingPreference":null},{"classKind":"ParameterTypeComponent","excludedDomain":[],"excludedPerson":[],"iid":"cdf4b8cb-6f2a-4de2-bd37-8d20ebe1d85d","modifiedOn":"2025-01-22T10:56:25.530Z","parameterType":"62960646-dafd-4476-9560-4ca0f12d8a13","revisionNumber":450,"scale":"afa67752-f90e-46a0-906f-ab43a474b97e","shortName":"V23","thingPreference":null},{"classKind":"ParameterTypeComponent","excludedDomain":[],"excludedPerson":[],"iid":"d002baef-3634-4ef1-b5b7-f40f63475dcf","modifiedOn":"2025-01-22T10:53:38.006Z","parameterType":"651e1875-9236-4bd2-b3a7-fd89797ebdd8","revisionNumber":444,"scale":"04069206-212c-46a1-b405-7d8bd2d6b0d2","shortName":"V29","thingPreference":null},{"classKind":"ParameterTypeComponent","excludedDomain":[],"excludedPerson":[],"iid":"d19ad911-5175-475a-9e49-8e766c191a07","modifiedOn":"2025-01-22T10:55:04.731Z","parameterType":"651e1875-9236-4bd2-b3a7-fd89797ebdd8","revisionNumber":447,"scale":"04069206-212c-46a1-b405-7d8bd2d6b0d2","shortName":"V12","thingPreference":null},{"classKind":"ParameterTypeComponent","excludedDomain":[],"excludedPerson":[],"iid":"d5c6990c-1834-4b17-9de8-e4e1e16e01a6","modifiedOn":"2025-01-22T10:55:54.046Z","parameterType":"62960646-dafd-4476-9560-4ca0f12d8a13","revisionNumber":449,"scale":"afa67752-f90e-46a0-906f-ab43a474b97e","shortName":"V8","thingPreference":null},{"classKind":"ParameterTypeComponent","excludedDomain":[],"excludedPerson":[],"iid":"d72a16c6-8577-42cc-bedf-de6c39a97a27","modifiedOn":"2025-01-22T10:53:38.006Z","parameterType":"651e1875-9236-4bd2-b3a7-fd89797ebdd8","revisionNumber":444,"scale":"04069206-212c-46a1-b405-7d8bd2d6b0d2","shortName":"V10","thingPreference":null},{"classKind":"ParameterTypeComponent","excludedDomain":[],"excludedPerson":[],"iid":"d89c6867-a77c-4f1b-9ab5-0962669c1601","modifiedOn":"2025-01-22T10:55:04.731Z","parameterType":"651e1875-9236-4bd2-b3a7-fd89797ebdd8","revisionNumber":447,"scale":"04069206-212c-46a1-b405-7d8bd2d6b0d2","shortName":"V22","thingPreference":null},{"classKind":"ParameterTypeComponent","excludedDomain":[],"excludedPerson":[],"iid":"dadc119a-adbe-4ca7-a2ab-2342b0a9b270","modifiedOn":"2025-01-22T10:53:38.006Z","parameterType":"651e1875-9236-4bd2-b3a7-fd89797ebdd8","revisionNumber":444,"scale":"04069206-212c-46a1-b405-7d8bd2d6b0d2","shortName":"V27","thingPreference":null},{"classKind":"ParameterTypeComponent","excludedDomain":[],"excludedPerson":[],"iid":"dc0fa8e6-de36-4d32-aedd-462d744282fd","modifiedOn":"2025-01-22T10:56:25.530Z","parameterType":"62960646-dafd-4476-9560-4ca0f12d8a13","revisionNumber":450,"scale":"afa67752-f90e-46a0-906f-ab43a474b97e","shortName":"V18","thingPreference":null},{"classKind":"ParameterTypeComponent","excludedDomain":[],"excludedPerson":[],"iid":"ddacd8a9-7cc2-429e-b514-21736710863b","modifiedOn":"2025-01-22T10:54:07.714Z","parameterType":"651e1875-9236-4bd2-b3a7-fd89797ebdd8","revisionNumber":445,"scale":"04069206-212c-46a1-b405-7d8bd2d6b0d2","shortName":"V26","thingPreference":null},{"classKind":"ParameterTypeComponent","excludedDomain":[],"excludedPerson":[],"iid":"dddbc3db-8536-4344-a29c-9b95afc648ed","modifiedOn":"2025-01-22T10:54:39.667Z","parameterType":"651e1875-9236-4bd2-b3a7-fd89797ebdd8","revisionNumber":446,"scale":"04069206-212c-46a1-b405-7d8bd2d6b0d2","shortName":"V11","thingPreference":null},{"classKind":"ParameterTypeComponent","excludedDomain":[],"excludedPerson":[],"iid":"e3e61b2a-fb32-46cc-8be7-225e33a0c6ff","modifiedOn":"2025-01-22T10:55:04.731Z","parameterType":"651e1875-9236-4bd2-b3a7-fd89797ebdd8","revisionNumber":447,"scale":"04069206-212c-46a1-b405-7d8bd2d6b0d2","shortName":"V10","thingPreference":null},{"classKind":"ParameterTypeComponent","excludedDomain":[],"excludedPerson":[],"iid":"e7cea3d7-3f16-46b5-be96-78e50b7ab1f1","modifiedOn":"2025-01-22T10:55:04.731Z","parameterType":"651e1875-9236-4bd2-b3a7-fd89797ebdd8","revisionNumber":447,"scale":"04069206-212c-46a1-b405-7d8bd2d6b0d2","shortName":"V21","thingPreference":null},{"classKind":"ParameterTypeComponent","excludedDomain":[],"excludedPerson":[],"iid":"e8c6a867-259d-4154-a51e-6df1cab0d8f1","modifiedOn":"2025-01-22T10:53:38.006Z","parameterType":"651e1875-9236-4bd2-b3a7-fd89797ebdd8","revisionNumber":444,"scale":"04069206-212c-46a1-b405-7d8bd2d6b0d2","shortName":"V30","thingPreference":null},{"classKind":"ParameterTypeComponent","excludedDomain":[],"excludedPerson":[],"iid":"ea5d5045-a20f-4635-b297-5ab6b4ba366e","modifiedOn":"2025-01-22T10:55:54.046Z","parameterType":"62960646-dafd-4476-9560-4ca0f12d8a13","revisionNumber":449,"scale":"afa67752-f90e-46a0-906f-ab43a474b97e","shortName":"V6","thingPreference":null},{"classKind":"ParameterTypeComponent","excludedDomain":[],"excludedPerson":[],"iid":"eb2248b9-eff2-4e8d-a9b9-81dc0706f06a","modifiedOn":"2025-01-22T10:56:54.243Z","parameterType":"62960646-dafd-4476-9560-4ca0f12d8a13","revisionNumber":451,"scale":"afa67752-f90e-46a0-906f-ab43a474b97e","shortName":"V25","thingPreference":null},{"classKind":"ParameterTypeComponent","excludedDomain":[],"excludedPerson":[],"iid":"ebee839b-2839-44b3-9282-3489fc3dc283","modifiedOn":"2025-01-22T10:54:39.667Z","parameterType":"651e1875-9236-4bd2-b3a7-fd89797ebdd8","revisionNumber":446,"scale":"04069206-212c-46a1-b405-7d8bd2d6b0d2","shortName":"V21","thingPreference":null},{"classKind":"ParameterTypeComponent","excludedDomain":[],"excludedPerson":[],"iid":"ec59ee7f-7201-46b9-a336-cc792bd9095f","modifiedOn":"2025-01-22T10:54:07.714Z","parameterType":"651e1875-9236-4bd2-b3a7-fd89797ebdd8","revisionNumber":445,"scale":"04069206-212c-46a1-b405-7d8bd2d6b0d2","shortName":"V27","thingPreference":null},{"classKind":"ParameterTypeComponent","excludedDomain":[],"excludedPerson":[],"iid":"ecf80155-fb39-4686-8ba4-c8d5cf943906","modifiedOn":"2025-01-22T10:56:25.530Z","parameterType":"62960646-dafd-4476-9560-4ca0f12d8a13","revisionNumber":450,"scale":"afa67752-f90e-46a0-906f-ab43a474b97e","shortName":"V17","thingPreference":null},{"classKind":"ParameterTypeComponent","excludedDomain":[],"excludedPerson":[],"iid":"eda68534-6ecb-4d29-8563-32d7c8e37f26","modifiedOn":"2025-01-22T10:56:25.530Z","parameterType":"62960646-dafd-4476-9560-4ca0f12d8a13","revisionNumber":450,"scale":"afa67752-f90e-46a0-906f-ab43a474b97e","shortName":"V2","thingPreference":null},{"classKind":"ParameterTypeComponent","excludedDomain":[],"excludedPerson":[],"iid":"ee9d8a6a-9e7f-45b5-b47b-6c190a23f6d6","modifiedOn":"2025-01-22T10:53:38.006Z","parameterType":"651e1875-9236-4bd2-b3a7-fd89797ebdd8","revisionNumber":444,"scale":"04069206-212c-46a1-b405-7d8bd2d6b0d2","shortName":"V12","thingPreference":null},{"classKind":"ParameterTypeComponent","excludedDomain":[],"excludedPerson":[],"iid":"eeab88cb-c231-4ab2-a699-4668771c998c","modifiedOn":"2025-01-22T10:55:54.046Z","parameterType":"62960646-dafd-4476-9560-4ca0f12d8a13","revisionNumber":449,"scale":"afa67752-f90e-46a0-906f-ab43a474b97e","shortName":"V12","thingPreference":null},{"classKind":"ParameterTypeComponent","excludedDomain":[],"excludedPerson":[],"iid":"ef8de481-b671-4e63-8b62-2f0cc230fb9d","modifiedOn":"2025-01-22T10:54:07.714Z","parameterType":"651e1875-9236-4bd2-b3a7-fd89797ebdd8","revisionNumber":445,"scale":"04069206-212c-46a1-b405-7d8bd2d6b0d2","shortName":"V19","thingPreference":null},{"classKind":"ParameterTypeComponent","excludedDomain":[],"excludedPerson":[],"iid":"efabc92c-6895-4c61-abae-ddd151e53e9b","modifiedOn":"2025-01-22T10:54:39.667Z","parameterType":"651e1875-9236-4bd2-b3a7-fd89797ebdd8","revisionNumber":446,"scale":"04069206-212c-46a1-b405-7d8bd2d6b0d2","shortName":"V12","thingPreference":null},{"classKind":"ParameterTypeComponent","excludedDomain":[],"excludedPerson":[],"iid":"efd5ce95-78cf-4101-99c6-2e21dd609c86","modifiedOn":"2025-01-22T10:54:07.714Z","parameterType":"651e1875-9236-4bd2-b3a7-fd89797ebdd8","revisionNumber":445,"scale":"04069206-212c-46a1-b405-7d8bd2d6b0d2","shortName":"V29","thingPreference":null},{"classKind":"ParameterTypeComponent","excludedDomain":[],"excludedPerson":[],"iid":"f05a23a0-970b-454f-971e-e0b430cc62e4","modifiedOn":"2025-01-22T10:53:38.006Z","parameterType":"651e1875-9236-4bd2-b3a7-fd89797ebdd8","revisionNumber":444,"scale":"04069206-212c-46a1-b405-7d8bd2d6b0d2","shortName":"V9","thingPreference":null},{"classKind":"ParameterTypeComponent","excludedDomain":[],"excludedPerson":[],"iid":"f07ec76e-00eb-44d9-892b-15840a6c9050","modifiedOn":"2025-01-22T10:56:54.243Z","parameterType":"62960646-dafd-4476-9560-4ca0f12d8a13","revisionNumber":451,"scale":"afa67752-f90e-46a0-906f-ab43a474b97e","shortName":"V15","thingPreference":null},{"classKind":"ParameterTypeComponent","excludedDomain":[],"excludedPerson":[],"iid":"f198d73a-6880-4f79-8a36-4f0935480d58","modifiedOn":"2025-01-22T10:56:25.530Z","parameterType":"62960646-dafd-4476-9560-4ca0f12d8a13","revisionNumber":450,"scale":"afa67752-f90e-46a0-906f-ab43a474b97e","shortName":"V19","thingPreference":null},{"classKind":"ParameterTypeComponent","excludedDomain":[],"excludedPerson":[],"iid":"f35fa10e-b880-40f1-9284-05642c6f11e7","modifiedOn":"2025-01-22T10:53:38.006Z","parameterType":"651e1875-9236-4bd2-b3a7-fd89797ebdd8","revisionNumber":444,"scale":"04069206-212c-46a1-b405-7d8bd2d6b0d2","shortName":"V7","thingPreference":null},{"classKind":"ParameterTypeComponent","excludedDomain":[],"excludedPerson":[],"iid":"f433da09-dade-42e9-8a6c-12f1aadabfac","modifiedOn":"2025-01-22T10:55:04.731Z","parameterType":"651e1875-9236-4bd2-b3a7-fd89797ebdd8","revisionNumber":447,"scale":"04069206-212c-46a1-b405-7d8bd2d6b0d2","shortName":"V11","thingPreference":null},{"alias":[],"category":[],"classKind":"SpecializedQuantityKind","defaultScale":"3d5bddb6-640f-4d79-9c35-64a554946884","definition":[],"excludedDomain":[],"excludedPerson":[],"general":"d145add7-1781-420e-8af7-c996b392ebd9","hyperLink":[],"iid":"f5388e48-f3a3-45cf-832a-76b5841131c7","isDeprecated":false,"modifiedOn":"2025-01-20T11:36:18.568Z","name":"Draft","possibleScale":[],"quantityDimensionSymbol":"T","revisionNumber":396,"shortName":"DRFT","symbol":"T","thingPreference":null},{"classKind":"ParameterTypeComponent","excludedDomain":[],"excludedPerson":[],"iid":"f5ca191a-a715-40a6-80f1-74086ba18707","modifiedOn":"2025-01-22T10:55:04.731Z","parameterType":"651e1875-9236-4bd2-b3a7-fd89797ebdd8","revisionNumber":447,"scale":"04069206-212c-46a1-b405-7d8bd2d6b0d2","shortName":"V30","thingPreference":null},{"classKind":"ParameterTypeComponent","excludedDomain":[],"excludedPerson":[],"iid":"f7c330b1-8ec7-490b-8c18-e6e27ffed246","modifiedOn":"2025-01-22T10:55:54.046Z","parameterType":"62960646-dafd-4476-9560-4ca0f12d8a13","revisionNumber":449,"scale":"afa67752-f90e-46a0-906f-ab43a474b97e","shortName":"V29","thingPreference":null},{"classKind":"ParameterTypeComponent","excludedDomain":[],"excludedPerson":[],"iid":"f8d6a74e-4d8c-43b0-a647-4377f335dd1a","modifiedOn":"2025-01-22T10:54:07.714Z","parameterType":"651e1875-9236-4bd2-b3a7-fd89797ebdd8","revisionNumber":445,"scale":"04069206-212c-46a1-b405-7d8bd2d6b0d2","shortName":"V10","thingPreference":null},{"classKind":"ParameterTypeComponent","excludedDomain":[],"excludedPerson":[],"iid":"f8f267a0-fc58-4872-b8ac-e25a264ad791","modifiedOn":"2025-01-22T10:55:54.046Z","parameterType":"62960646-dafd-4476-9560-4ca0f12d8a13","revisionNumber":449,"scale":"afa67752-f90e-46a0-906f-ab43a474b97e","shortName":"V25","thingPreference":null},{"classKind":"ParameterTypeComponent","excludedDomain":[],"excludedPerson":[],"iid":"f9002d58-fa09-49cf-aa61-98d3a5603205","modifiedOn":"2025-01-22T10:55:54.046Z","parameterType":"62960646-dafd-4476-9560-4ca0f12d8a13","revisionNumber":449,"scale":"afa67752-f90e-46a0-906f-ab43a474b97e","shortName":"V17","thingPreference":null},{"classKind":"ParameterTypeComponent","excludedDomain":[],"excludedPerson":[],"iid":"f91acf7b-99c9-42cf-9ff6-4a6729230852","modifiedOn":"2025-01-22T10:54:07.714Z","parameterType":"651e1875-9236-4bd2-b3a7-fd89797ebdd8","revisionNumber":445,"scale":"04069206-212c-46a1-b405-7d8bd2d6b0d2","shortName":"V22","thingPreference":null},{"classKind":"ParameterTypeComponent","excludedDomain":[],"excludedPerson":[],"iid":"f9cc86c4-c8d2-4bf0-a0ff-f8d17e626643","modifiedOn":"2025-01-22T10:03:24.230Z","parameterType":"651e1875-9236-4bd2-b3a7-fd89797ebdd8","revisionNumber":422,"scale":"9a112a9a-411a-49a0-8df8-87285a1e2155","shortName":"P","thingPreference":null},{"classKind":"ParameterTypeComponent","excludedDomain":[],"excludedPerson":[],"iid":"fbb1fdf7-3afe-49ce-81a8-1b2645c52251","modifiedOn":"2025-01-22T10:54:07.714Z","parameterType":"651e1875-9236-4bd2-b3a7-fd89797ebdd8","revisionNumber":445,"scale":"04069206-212c-46a1-b405-7d8bd2d6b0d2","shortName":"V9","thingPreference":null},{"classKind":"ParameterTypeComponent","excludedDomain":[],"excludedPerson":[],"iid":"fc404b42-eff8-4615-b2d6-a6c952ee30e4","modifiedOn":"2025-01-22T10:56:54.243Z","parameterType":"62960646-dafd-4476-9560-4ca0f12d8a13","revisionNumber":451,"scale":"afa67752-f90e-46a0-906f-ab43a474b97e","shortName":"V21","thingPreference":null},{"classKind":"ParameterTypeComponent","excludedDomain":[],"excludedPerson":[],"iid":"fdd90905-23c8-46a8-88e0-a1e18ee363ac","modifiedOn":"2025-01-22T10:55:54.046Z","parameterType":"62960646-dafd-4476-9560-4ca0f12d8a13","revisionNumber":449,"scale":"afa67752-f90e-46a0-906f-ab43a474b97e","shortName":"V21","thingPreference":null},{"classKind":"ParameterTypeComponent","excludedDomain":[],"excludedPerson":[],"iid":"ff033147-d39c-4ab1-a35d-86feff26ad15","modifiedOn":"2025-01-22T10:55:04.731Z","parameterType":"651e1875-9236-4bd2-b3a7-fd89797ebdd8","revisionNumber":447,"scale":"04069206-212c-46a1-b405-7d8bd2d6b0d2","shortName":"V16","thingPreference":null},{"classKind":"ParameterTypeComponent","excludedDomain":[],"excludedPerson":[],"iid":"ff220ce7-47cd-4360-ba02-b45a7901ace8","modifiedOn":"2025-01-22T10:54:07.714Z","parameterType":"651e1875-9236-4bd2-b3a7-fd89797ebdd8","revisionNumber":445,"scale":"04069206-212c-46a1-b405-7d8bd2d6b0d2","shortName":"V25","thingPreference":null}]