{
    "mediaType": "application/ecss-e-tm-10-25+json",
    "dataModelVersion": "2.4.1",
    "exchangeFileFormatVersion": "1.0.0",
    "copyright": "Copyright 2024 © Starion.",
    "creatorPerson": {
        "iid": "ed47c8be-3708-4fe7-84f2-5901ccad626a",
        "givenName": "Sam",
        "surname": "Gerené",
        "email": "s.gerene@stariongroup.eu"
    },
    "createdOn": {
        "local": "2025-02-07T09:28:42.7983858+01:00",
        "utc": "2025-02-07T08:28:42.7983858Z"
    },
    "remark": "This is an ECSS-E-TM-10-25 exchange file"
}