[{"citation":[],"classKind":"Definition","content":"The ship shall have a hull","example":[],"excludedDomain":[],"excludedPerson":[],"iid":"1239fce9-708b-4154-9d81-6d4341239ba2","languageCode":"en","modifiedOn":"2025-02-12T13:55:19.467Z","note":[],"revisionNumber":9,"thingPreference":null},{"classKind":"Publication","createdOn":"2025-02-12T14:01:29.591Z","domain":["8790fe92-d1fa-42ea-9520-e0ddac52f1ad"],"excludedDomain":[],"excludedPerson":[],"iid":"166ada64-c6c2-4c86-9584-f8a779892988","modifiedOn":"2025-02-12T14:01:29.591Z","publishedParameter":["91976dbc-8a97-422f-a1c1-d270aae1630d"],"revisionNumber":28,"thingPreference":null},{"classKind":"Publication","createdOn":"2025-02-12T13:55:54.369Z","domain":["8790fe92-d1fa-42ea-9520-e0ddac52f1ad"],"excludedDomain":[],"excludedPerson":[],"iid":"211c66ae-c762-4b7b-bab4-fadb9e4ccb1d","modifiedOn":"2025-02-12T13:55:54.369Z","publishedParameter":["98c25f55-46db-4c15-abd0-c3fc8264d360","d0acb065-e2a1-448b-bb5b-30388054ab0e"],"revisionNumber":13,"thingPreference":null},{"alias":[],"category":[],"classKind":"ElementUsage","definition":[],"elementDefinition":"ef9ae576-133b-4d19-b3bd-79c9f0100a75","excludedDomain":[],"excludedPerson":[],"excludeOption":[],"hyperLink":[],"iid":"2136a9e0-b1fb-4ebf-b717-97a026aec8f4","interfaceEnd":"NONE","modifiedOn":"2025-02-12T13:56:17.586Z","name":"Main Engine","owner":"8790fe92-d1fa-42ea-9520-e0ddac52f1ad","parameterOverride":[],"revisionNumber":15,"shortName":"ENG","thingPreference":null},{"actualOption":null,"actualState":null,"classKind":"ParameterValueSet","computed":"[\"-\"]","excludedDomain":[],"excludedPerson":[],"formula":"[\"-\"]","iid":"2927d362-c53d-4830-8906-ddc5a626169b","manual":"[\"1234\"]","modifiedOn":"2025-02-12T13:55:54.369Z","published":"[\"1234\"]","reference":"[\"-\"]","revisionNumber":13,"thingPreference":null,"valueSwitch":"MANUAL"},{"classKind":"BuiltInRuleVerification","excludedDomain":[],"excludedPerson":[],"executedOn":"2025-02-12T14:26:40.498Z","iid":"33b2ab96-de55-4db4-b32b-3f91a3b3ae15","isActive":true,"modifiedOn":"2025-02-12T14:26:40.597Z","name":"ElementDefinitionShortName","revisionNumber":42,"status":"NONE","thingPreference":null},{"alias":[],"category":["67c65c9a-2d7e-49ab-9f3d-3236a0b9e185"],"classKind":"Requirement","definition":["8bd0ea2f-7792-4111-9d4c-ff0124d8b7cf"],"excludedDomain":[],"excludedPerson":[],"group":null,"hyperLink":[],"iid":"36f76088-26b6-40a8-9f13-6b6426a4467d","isDeprecated":false,"modifiedOn":"2025-02-12T14:38:07.211Z","name":"SYS_REQ_1","owner":"8790fe92-d1fa-42ea-9520-e0ddac52f1ad","parameterValue":["d058df92-1143-468b-ba1b-2387097eb0aa"],"parametricConstraint":[],"revisionNumber":48,"shortName":"SYS_REQ_1","thingPreference":null},{"alias":[],"category":["67c65c9a-2d7e-49ab-9f3d-3236a0b9e185"],"classKind":"Requirement","definition":["aff112f1-e90b-4392-832a-5d72dc560846"],"excludedDomain":[],"excludedPerson":[],"group":null,"hyperLink":[],"iid":"3ef57592-94c0-4e6f-993c-21ad541bff9b","isDeprecated":false,"modifiedOn":"2025-02-12T14:31:17.808Z","name":"Ship length","owner":"8790fe92-d1fa-42ea-9520-e0ddac52f1ad","parameterValue":[],"parametricConstraint":[],"revisionNumber":44,"shortName":"REQ_3","thingPreference":null},{"alias":[],"category":[],"classKind":"RequirementsSpecification","definition":[],"excludedDomain":[],"excludedPerson":[],"group":[],"hyperLink":[],"iid":"4209af28-9d99-4565-9a1a-d5fe64a3bc94","isDeprecated":false,"modifiedOn":"2025-02-12T13:44:59.315Z","name":"Key User Requirements","owner":"8790fe92-d1fa-42ea-9520-e0ddac52f1ad","parameterValue":[],"requirement":["3ef57592-94c0-4e6f-993c-21ad541bff9b","ebd788bb-f737-425d-a979-83648e8ad325","ed09d03a-13d0-430f-8617-138655e97e50"],"revisionNumber":29,"shortName":"KUR","thingPreference":null},{"category":["4c4beb52-ae27-4bf8-846a-2cdc9b0fa288"],"classKind":"BinaryRelationship","excludedDomain":[],"excludedPerson":[],"iid":"4bdc5fb1-48a2-4120-9c1a-308d734424eb","modifiedOn":"2025-02-12T14:37:00.681Z","name":null,"owner":"8790fe92-d1fa-42ea-9520-e0ddac52f1ad","parameterValue":[],"revisionNumber":46,"source":"36f76088-26b6-40a8-9f13-6b6426a4467d","target":"3ef57592-94c0-4e6f-993c-21ad541bff9b","thingPreference":null},{"alias":[],"category":[],"classKind":"RequirementsSpecification","definition":[],"excludedDomain":[],"excludedPerson":[],"group":[],"hyperLink":[],"iid":"4fbb9aa7-7d06-41b6-a534-84a8891eb3f0","isDeprecated":false,"modifiedOn":"2025-02-12T14:02:58.047Z","name":"System Requirements","owner":"8790fe92-d1fa-42ea-9520-e0ddac52f1ad","parameterValue":[],"requirement":["36f76088-26b6-40a8-9f13-6b6426a4467d"],"revisionNumber":43,"shortName":"SYS","thingPreference":null},{"alias":[],"classKind":"RuleVerificationList","definition":[],"excludedDomain":[],"excludedPerson":[],"hyperLink":[],"iid":"5859837b-5a5d-407a-8cc1-811c7c8078b9","modifiedOn":"2025-02-12T14:13:11.328Z","name":"Verify Equipment Parameters","owner":"8790fe92-d1fa-42ea-9520-e0ddac52f1ad","revisionNumber":35,"ruleVerification":[{"k":-18416373,"v":"a872a625-89eb-48da-87ca-17567d19362a"},{"k":65998449,"v":"33b2ab96-de55-4db4-b32b-3f91a3b3ae15"}],"shortName":"Verify_Equipment_Parameters","thingPreference":null},{"classKind":"SimpleParameterValue","excludedDomain":[],"excludedPerson":[],"iid":"6dc8033f-1d85-4306-9ded-318d6b3e5271","modifiedOn":"2025-02-12T13:57:35.081Z","parameterType":"38c16a57-1163-41f2-abd7-ac1615531cac","revisionNumber":20,"scale":null,"thingPreference":null,"value":"[\"4657\"]"},{"alias":[],"category":[],"classKind":"Option","definition":[],"excludedDomain":[],"excludedPerson":[],"hyperLink":[],"iid":"76c931f2-3ad9-4ca2-a43a-719248cfb111","modifiedOn":"2025-02-12T13:33:38.464Z","name":"Option 1","nestedElement":[],"revisionNumber":1,"shortName":"option_1","thingPreference":null},{"actualOption":null,"actualState":null,"classKind":"ParameterValueSet","computed":"[\"-\"]","excludedDomain":[],"excludedPerson":[],"formula":"[\"-\"]","iid":"7b36be22-fd07-4c61-b281-751e204bd718","manual":"[\"-\"]","modifiedOn":"2025-02-12T13:56:13.250Z","published":"[\"-\"]","reference":"[\"-\"]","revisionNumber":14,"thingPreference":null,"valueSwitch":"MANUAL"},{"alias":[],"category":["8f49599a-45e5-40c8-b084-dcdbce359401"],"classKind":"ElementDefinition","containedElement":["2136a9e0-b1fb-4ebf-b717-97a026aec8f4","a1b73a45-17f7-48d9-90d4-2b0c4e214347"],"definition":[],"excludedDomain":[],"excludedPerson":[],"hyperLink":[],"iid":"7f29f215-4a6b-4030-b8a4-ac67673b0292","modifiedOn":"2025-02-12T13:37:57.474Z","name":"Ship","organizationalParticipant":[],"owner":"8790fe92-d1fa-42ea-9520-e0ddac52f1ad","parameter":["90211c5c-cc7f-4d67-aa3e-3343deceefd6"],"parameterGroup":[],"referencedElement":[],"revisionNumber":17,"shortName":"Ship","thingPreference":null},{"citation":[],"classKind":"Definition","content":"The ship shall have a lenght no longer than 20 meters","example":[],"excludedDomain":[],"excludedPerson":[],"iid":"8bd0ea2f-7792-4111-9d4c-ff0124d8b7cf","languageCode":"en","modifiedOn":"2025-02-12T14:30:54.799Z","note":[],"revisionNumber":43,"thingPreference":null},{"actualFiniteStateList":[],"classKind":"Iteration","defaultOption":null,"diagramCanvas":[],"domainFileStore":[],"element":["7f29f215-4a6b-4030-b8a4-ac67673b0292","ef9ae576-133b-4d19-b3bd-79c9f0100a75","f8aad0a3-fe8a-47dc-aa70-4b52ea3043c9"],"excludedDomain":[],"excludedPerson":[],"externalIdentifierMap":[],"goal":[],"iid":"8eb1636b-8faf-40b5-a190-78de6b435f8e","iterationSetup":"ce70ed5b-ed3a-46ff-bb10-5c90b8efd237","modifiedOn":"2025-02-12T14:01:19.850Z","option":[{"k":-1,"v":"76c931f2-3ad9-4ca2-a43a-719248cfb111"}],"possibleFiniteStateList":[],"publication":["166ada64-c6c2-4c86-9584-f8a779892988","211c66ae-c762-4b7b-bab4-fadb9e4ccb1d"],"relationship":["4bdc5fb1-48a2-4120-9c1a-308d734424eb","ac5bf8cd-6af7-40c8-9b36-c052575b569f"],"requirementsSpecification":["4209af28-9d99-4565-9a1a-d5fe64a3bc94","4fbb9aa7-7d06-41b6-a534-84a8891eb3f0"],"revisionNumber":46,"ruleVerificationList":["5859837b-5a5d-407a-8cc1-811c7c8078b9"],"sharedDiagramStyle":[],"sourceIterationIid":null,"stakeholder":[],"stakeholderValue":[],"stakeholderValueMap":[],"thingPreference":null,"topElement":"7f29f215-4a6b-4030-b8a4-ac67673b0292","valueGroup":[]},{"allowDifferentOwnerOfOverride":false,"classKind":"Parameter","excludedDomain":[],"excludedPerson":[],"expectsOverride":false,"group":null,"iid":"90211c5c-cc7f-4d67-aa3e-3343deceefd6","isOptionDependent":false,"modifiedOn":"2025-02-12T13:56:13.250Z","owner":"8790fe92-d1fa-42ea-9520-e0ddac52f1ad","parameterSubscription":[],"parameterType":"8db6737f-5269-47a1-9df8-55ba358c5737","requestedBy":null,"revisionNumber":14,"scale":"61ce4bb0-8301-4061-8e45-0c6682db9a9f","stateDependence":null,"thingPreference":null,"valueSet":["7b36be22-fd07-4c61-b281-751e204bd718"]},{"allowDifferentOwnerOfOverride":false,"classKind":"Parameter","excludedDomain":[],"excludedPerson":[],"expectsOverride":false,"group":null,"iid":"91976dbc-8a97-422f-a1c1-d270aae1630d","isOptionDependent":false,"modifiedOn":"2025-02-12T13:56:52.810Z","owner":"8790fe92-d1fa-42ea-9520-e0ddac52f1ad","parameterSubscription":[],"parameterType":"8db6737f-5269-47a1-9df8-55ba358c5737","requestedBy":null,"revisionNumber":18,"scale":"61ce4bb0-8301-4061-8e45-0c6682db9a9f","stateDependence":null,"thingPreference":null,"valueSet":["cd49a17a-2732-40fd-95a6-9c43e9ee76fa"]},{"allowDifferentOwnerOfOverride":false,"classKind":"Parameter","excludedDomain":[],"excludedPerson":[],"expectsOverride":false,"group":null,"iid":"98c25f55-46db-4c15-abd0-c3fc8264d360","isOptionDependent":false,"modifiedOn":"2025-02-12T13:37:27.248Z","owner":"8790fe92-d1fa-42ea-9520-e0ddac52f1ad","parameterSubscription":[],"parameterType":"8db6737f-5269-47a1-9df8-55ba358c5737","requestedBy":null,"revisionNumber":3,"scale":"61ce4bb0-8301-4061-8e45-0c6682db9a9f","stateDependence":null,"thingPreference":null,"valueSet":["a7263174-cf55-4d18-b5bb-3f8d44ba04b9"]},{"alias":[],"category":[],"classKind":"ElementUsage","definition":[],"elementDefinition":"f8aad0a3-fe8a-47dc-aa70-4b52ea3043c9","excludedDomain":[],"excludedPerson":[],"excludeOption":[],"hyperLink":[],"iid":"a1b73a45-17f7-48d9-90d4-2b0c4e214347","interfaceEnd":"NONE","modifiedOn":"2025-02-12T13:56:43.733Z","name":"hull","owner":"8790fe92-d1fa-42ea-9520-e0ddac52f1ad","parameterOverride":[],"revisionNumber":17,"shortName":"hull","thingPreference":null},{"actualOption":null,"actualState":null,"classKind":"ParameterValueSet","computed":"[\"-\"]","excludedDomain":[],"excludedPerson":[],"formula":"[\"-\"]","iid":"a7263174-cf55-4d18-b5bb-3f8d44ba04b9","manual":"[\"500\"]","modifiedOn":"2025-02-12T13:55:54.369Z","published":"[\"500\"]","reference":"[\"-\"]","revisionNumber":13,"thingPreference":null,"valueSwitch":"MANUAL"},{"citation":[],"classKind":"Definition","content":"The ship shall include an engine","example":[],"excludedDomain":[],"excludedPerson":[],"iid":"a8679e2e-b0c9-4764-a4ca-85f349dfd233","languageCode":"en","modifiedOn":"2025-02-12T13:48:53.080Z","note":[],"revisionNumber":6,"thingPreference":null},{"classKind":"UserRuleVerification","excludedDomain":[],"excludedPerson":[],"executedOn":"2025-02-12T14:26:39.947Z","iid":"a872a625-89eb-48da-87ca-17567d19362a","isActive":true,"modifiedOn":"2025-02-12T14:26:40.101Z","revisionNumber":41,"rule":"20895807-fa0a-48d5-8875-5dfe3bc91c23","status":"NONE","thingPreference":null},{"category":["a562e785-7650-446d-8078-b2e24b44ca83"],"classKind":"BinaryRelationship","excludedDomain":[],"excludedPerson":[],"iid":"ac5bf8cd-6af7-40c8-9b36-c052575b569f","modifiedOn":"2025-02-12T14:00:58.888Z","name":null,"owner":"8790fe92-d1fa-42ea-9520-e0ddac52f1ad","parameterValue":[],"revisionNumber":26,"source":"ef9ae576-133b-4d19-b3bd-79c9f0100a75","target":"ebd788bb-f737-425d-a979-83648e8ad325","thingPreference":null},{"citation":[],"classKind":"Definition","content":"The ship shall fit within the small ship bay","example":[],"excludedDomain":[],"excludedPerson":[],"iid":"aff112f1-e90b-4392-832a-5d72dc560846","languageCode":"en","modifiedOn":"2025-02-12T14:31:17.808Z","note":[],"revisionNumber":44,"thingPreference":null},{"actualOption":null,"actualState":null,"classKind":"ParameterValueSet","computed":"[\"-\"]","excludedDomain":[],"excludedPerson":[],"formula":"[\"-\"]","iid":"cd49a17a-2732-40fd-95a6-9c43e9ee76fa","manual":"[\"4567\"]","modifiedOn":"2025-02-12T14:01:29.591Z","published":"[\"4567\"]","reference":"[\"-\"]","revisionNumber":28,"thingPreference":null,"valueSwitch":"MANUAL"},{"classKind":"RuleViolation","description":"The Element Definition hull does not contain parameters that reference the following parameter types 38c16a57-1163-41f2-abd7-ac1615531cac with shortnames: BSMI","excludedDomain":[],"excludedPerson":[],"iid":"d014af8c-65ca-4e60-90a2-580db0842ead","modifiedOn":"0001-01-01T00:00:00.000Z","revisionNumber":0,"thingPreference":null,"violatingThing":["f8aad0a3-fe8a-47dc-aa70-4b52ea3043c9"]},{"classKind":"SimpleParameterValue","excludedDomain":[],"excludedPerson":[],"iid":"d058df92-1143-468b-ba1b-2387097eb0aa","modifiedOn":"2025-02-12T14:38:05.644Z","parameterType":"38c16a57-1163-41f2-abd7-ac1615531cac","revisionNumber":48,"scale":null,"thingPreference":null,"value":"[\"1000\"]"},{"allowDifferentOwnerOfOverride":false,"classKind":"Parameter","excludedDomain":[],"excludedPerson":[],"expectsOverride":false,"group":null,"iid":"d0acb065-e2a1-448b-bb5b-30388054ab0e","isOptionDependent":false,"modifiedOn":"2025-02-12T13:55:34.224Z","owner":"8790fe92-d1fa-42ea-9520-e0ddac52f1ad","parameterSubscription":[],"parameterType":"38c16a57-1163-41f2-abd7-ac1615531cac","requestedBy":null,"revisionNumber":10,"scale":null,"stateDependence":null,"thingPreference":null,"valueSet":["2927d362-c53d-4830-8906-ddc5a626169b"]},{"alias":[],"category":["67c65c9a-2d7e-49ab-9f3d-3236a0b9e185"],"classKind":"Requirement","definition":["a8679e2e-b0c9-4764-a4ca-85f349dfd233"],"excludedDomain":[],"excludedPerson":[],"group":null,"hyperLink":[],"iid":"ebd788bb-f737-425d-a979-83648e8ad325","isDeprecated":false,"modifiedOn":"2025-02-12T13:59:59.978Z","name":"engine","owner":"8790fe92-d1fa-42ea-9520-e0ddac52f1ad","parameterValue":[],"parametricConstraint":[],"revisionNumber":22,"shortName":"REQ_2","thingPreference":null},{"alias":[],"category":["67c65c9a-2d7e-49ab-9f3d-3236a0b9e185"],"classKind":"Requirement","definition":["1239fce9-708b-4154-9d81-6d4341239ba2"],"excludedDomain":[],"excludedPerson":[],"group":null,"hyperLink":[],"iid":"ed09d03a-13d0-430f-8617-138655e97e50","isDeprecated":false,"modifiedOn":"2025-02-12T14:00:24.415Z","name":"hull","owner":"8790fe92-d1fa-42ea-9520-e0ddac52f1ad","parameterValue":["6dc8033f-1d85-4306-9ded-318d6b3e5271"],"parametricConstraint":[],"revisionNumber":23,"shortName":"REQ_1","thingPreference":null},{"alias":[],"category":["2729ac35-f339-406a-83c3-1d50710c5526"],"classKind":"ElementDefinition","containedElement":[],"definition":[],"excludedDomain":[],"excludedPerson":[],"hyperLink":[],"iid":"ef9ae576-133b-4d19-b3bd-79c9f0100a75","modifiedOn":"2025-02-12T13:37:16.750Z","name":"Main Engine","organizationalParticipant":[],"owner":"8790fe92-d1fa-42ea-9520-e0ddac52f1ad","parameter":["98c25f55-46db-4c15-abd0-c3fc8264d360","d0acb065-e2a1-448b-bb5b-30388054ab0e"],"parameterGroup":[],"referencedElement":[],"revisionNumber":10,"shortName":"ENG","thingPreference":null},{"alias":[],"category":["2729ac35-f339-406a-83c3-1d50710c5526"],"classKind":"ElementDefinition","containedElement":[],"definition":[],"excludedDomain":[],"excludedPerson":[],"hyperLink":[],"iid":"f8aad0a3-fe8a-47dc-aa70-4b52ea3043c9","modifiedOn":"2025-02-12T14:14:57.676Z","name":"hull","organizationalParticipant":[],"owner":"8790fe92-d1fa-42ea-9520-e0ddac52f1ad","parameter":["91976dbc-8a97-422f-a1c1-d270aae1630d"],"parameterGroup":[],"referencedElement":[],"revisionNumber":34,"shortName":"hull","thingPreference":null}]