{
    "mediaType": "application/ecss-e-tm-10-25+json",
    "dataModelVersion": "2.4.1",
    "exchangeFileFormatVersion": "1.0.0",
    "copyright": "Copyright 2024 © Starion.",
    "creatorPerson": {
        "iid": "1c2466ed-ddb9-4546-b458-5b3dbcb58924",
        "givenName": "The",
        "surname": "Administrator"
    },
    "createdOn": {
        "local": "2025-02-12T16:13:35.8700951+01:00",
        "utc": "2025-02-12T15:13:35.8700951Z"
    },
    "remark": "This is an ECSS-E-TM-10-25 exchange file"
}